State_Name,State_Code,District_Name,District_Code,Block_Name,Block_Code,GP_Name,GP_Code,Latitude,Longitude,Location_OF_GP,Phase,throughput
MAHARASHTRA                                       ,27,THANE                                             ,517,AMBERNATH                                         ,4589,AMBERNATH                                         ,4589,19.168945,73.235909,Block HQ,1,66
MAHARASHTRA                                       ,27,THANE                                             ,517,BHIWANDI                                          ,4590,BHIWANDI                                          ,4590,19.250881,73.022442,Block HQ,1,97.6
MAHARASHTRA                                       ,27,THANE                                             ,517,DAHANU                                            ,4591,DAHANU                                            ,4591,20.116041,72.740275,Block HQ,1,15.68
MAHARASHTRA                                       ,27,THANE                                             ,517,JAWHAR                                            ,4592,JAWHAR                                            ,4592,19.906297,73.230172,Block HQ,1,150.4
MAHARASHTRA                                       ,27,THANE                                             ,517,KALYAN                                            ,4593,KALYAN                                            ,4593,19.247218,73.128685,Block HQ,1,105.28
MAHARASHTRA                                       ,27,THANE                                             ,517,MOKHADA                                           ,4594,MOKHADA                                           ,4594,19.936817,73.340569,Block HQ,1,101.52
MAHARASHTRA                                       ,27,THANE                                             ,517,MURBAD                                            ,4595,MURBAD                                            ,4595,19.260094,73.389672,Block HQ,1,55.84
MAHARASHTRA                                       ,27,THANE                                             ,517,PALGHAR                                           ,4596,PALGHAR                                           ,4596,19.702598,72.769093,Block HQ,1,89.2
MAHARASHTRA                                       ,27,THANE                                             ,517,SHAHAPUR                                          ,4597,SHAHAPUR                                          ,4597,19.451163,73.333174,Block HQ,1,76.08
MAHARASHTRA                                       ,27,THANE                                             ,517,TALASARI                                          ,4598,TALASARI                                          ,4598,20.116094,72.918199,Block HQ,1,95.68
MAHARASHTRA                                       ,27,THANE                                             ,517,VASAI                                             ,4601,VASAI                                             ,4601,19.400887,72.842674,Block HQ,1,123.28
MAHARASHTRA                                       ,27,THANE                                             ,517,VIKRAMGAD                                         ,4602,VIKRAMGAD                                         ,4602,19.796214,73.094562,Block HQ,1,232.88
MAHARASHTRA                                       ,27,THANE                                             ,517,WADA                                              ,4603,WADA                                              ,4603,19.6528,73.141384,Block HQ,1,90.24
MAHARASHTRA,27,THANE,517,TALASARI,4598,KAJALI,255349,20.2104,72.88403,KAJALI,1,126.08
MAHARASHTRA,27,THANE,517,PALGHAR,4596,MAN,255337,19.7812,72.79967,MAN,1,160.88
MAHARASHTRA,27,THANE,517,WADA,4603,VAVEGHAR,241520,19.66111,73.04013,Vaveghar,1,126.32
MAHARASHTRA,27,THANE,517,PALGHAR,4596,MEDHWAN,241519,19.81714,72.94538,MEDHWAN,1,86.72
MAHARASHTRA,27,THANE,517,KALYAN,4593,ROHAN,241515,19.2406,73.26743,Rohan GP,1,64.88
MAHARASHTRA,27,THANE,517,KALYAN,4593,POI,241511,19.22457,73.27625,Poi GP,1,119.92
MAHARASHTRA,27,THANE,517,WADA,4603,NANE,241510,19.64585,73.00821,Nane GP,1,79.76
MAHARASHTRA,27,THANE,517,KALYAN,4593,MANJARLI,241505,19.2374,73.25002,Manjarli GP,1,142.56
MAHARASHTRA,27,THANE,517,KALYAN,4593,MANGAON,241504,19.18478,73.09273,Mangaon GP,1,28.56
MAHARASHTRA,27,THANE,517,KALYAN,4593,KOLAM,241502,19.26314,73.27992,Kolam GP,1,131.76
MAHARASHTRA,27,THANE,517,PALGHAR,4596,KHADKOLI,241501,19.67102,72.84689,KHADKOLI,1,82.32
MAHARASHTRA,27,THANE,517,PALGHAR,4596,DELWADI,241495,19.83728,72.71049,DELWADI,1,120.72
MAHARASHTRA,27,THANE,517,KALYAN,4593,CHAVARE,241493,19.24504,73.27319,Chavare GP,1,148.4
MAHARASHTRA,27,THANE,517,KALYAN,4593,ANE,241491,19.23356,73.22929,Bhisol Ane G P,1,79.52
MAHARASHTRA,27,THANE,517,WADA,4603,WADA,195060,19.65494,73.14792,Wada GP,1,116.56
MAHARASHTRA,27,THANE,517,WADA,4603,VASURI BK,195059,19.61809,73.01014,Vasuri GP,1,38.96
MAHARASHTRA,27,THANE,517,WADA,4603,VARSALE,195058,19.73191,73.24874,Varsale GP,1,90.56
MAHARASHTRA,27,THANE,517,WADA,4603,VARALE,195057,19.65566,73.11684,Varale GP,1,86.4
MAHARASHTRA,27,THANE,517,WADA,4603,VADAVALI,195056,19.51616,73.10529,Vadivali GP,1,160.72
MAHARASHTRA,27,THANE,517,WADA,4603,USAR,195055,19.52872,73.11729,Usar Gp,1,84.96
MAHARASHTRA,27,THANE,517,WADA,4603,UIJANI,195054,19.74776,73.23518,Uijani GP,1,37.68
MAHARASHTRA,27,THANE,517,WADA,4603,UCHAT,195053,19.49917,73.11423,Uchat GP,1,53.68
MAHARASHTRA,27,THANE,517,WADA,4603,TUSE,195052,19.62858,73.16279,Tsue  GP,1,33.76
MAHARASHTRA,27,THANE,517,WADA,4603,TILGAON,195051,19.56197,73.15785,Tilgaon GP,1,157.52
MAHARASHTRA,27,THANE,517,WADA,4603,SUPONDE,195050,19.69574,73.02237,Supunde GP,1,78.4
MAHARASHTRA,27,THANE,517,WADA,4603,SONSHIV,195049,19.66373,73.18452,Sonshiv GP,1,101.52
MAHARASHTRA,27,THANE,517,WADA,4603,SONALE,195048,19.64143,73.2324,Sonale GP,1,26.96
MAHARASHTRA,27,THANE,517,WADA,4603,SHELTE,195047,19.66559,73.0076,Shelte GP,1,65.92
MAHARASHTRA,27,THANE,517,WADA,4603,SHELE,195046,19.67178,73.22881,Shile  GP,1,27.84
MAHARASHTRA,27,THANE,517,WADA,4603,SARSHI,195045,19.62694,73.15456,Sarshi GP,1,55.44
MAHARASHTRA,27,THANE,517,WADA,4603,SARASOHAL,195044,19.64093,73.11572,Sarasohal GP,1,79.28
MAHARASHTRA,27,THANE,517,WADA,4603,SAPRONDE,195043,19.52897,73.1097,Saporande GP,1,93.92
MAHARASHTRA,27,THANE,517,WADA,4603,SPANE BK,195042,19.67624,73.09747,Sapane GP,1,83.68
MAHARASHTRA,27,THANE,517,WADA,4603,POSHERI,195040,19.6699,73.06304,Posheri GP,1,57.04
MAHARASHTRA,27,THANE,517,WADA,4603,PIMPALAS,195039,19.63325,73.06526,Pimpalas GP,1,60.24
MAHARASHTRA,27,THANE,517,WADA,4603,PIK,195038,19.73126,73.16566,PIK gp,1,80.56
MAHARASHTRA,27,THANE,517,WADA,4603,PARLI,195037,19.70916,73.26286,Parli GP,1,88.88
MAHARASHTRA,27,THANE,517,WADA,4603,PLASAI,195036,19.59842,73.0282,Plasai,1,78
MAHARASHTRA,27,THANE,517,WADA,4603,OGADA,195035,19.71764,73.29616,Ogada GP,1,51.04
MAHARASHTRA,27,THANE,517,WADA,4603,NICHOLE,195034,19.59826,73.0793,Nichole GP,1,45.28
MAHARASHTRA,27,THANE,517,WADA,4603,NEHAROLI,195033,19.6009,73.1178,Neharoli GP,1,44.32
MAHARASHTRA,27,THANE,517,WADA,4603,NARE,195032,19.51123,73.10267,Nare GP,1,73.52
MAHARASHTRA,27,THANE,517,WADA,4603,NANDANI,195031,19.53228,73.01316,Nandnani GP,1,14
MAHARASHTRA,27,THANE,517,WADA,4603,MUSARNE,195030,19.5111,73.08394,Musarane GP,1,33.2
MAHARASHTRA,27,THANE,517,WADA,4603,MOJ,195029,19.63245,73.21333,Moj GP,1,66.72
MAHARASHTRA,27,THANE,517,WADA,4603,MANIVALI,195028,19.70188,73.15069,Manivali GP,1,66.8
MAHARASHTRA,27,THANE,517,WADA,4603,MANGARUL,195027,19.756,73.229,Mangrul GP,1,61.76
MAHARASHTRA,27,THANE,517,WADA,4603,MANDAVA,195026,19.69926,73.20945,Mandava GP,1,22.16
MAHARASHTRA,27,THANE,517,WADA,4603,KUYALU,195024,19.55396,73.19196,Kuyulu GP,1,23.68
MAHARASHTRA,27,THANE,517,WADA,4603,KUDUS,195023,19.53063,73.10146,Kudus GP,1,64.56
MAHARASHTRA,27,THANE,517,WADA,4603,KONSAI,195022,19.61098,73.10075,Konsai GP,1,75.6
MAHARASHTRA,27,THANE,517,WADA,4603,KONE,195021,19.61592,73.13615,Kone GP,1,53.28
MAHARASHTRA,27,THANE,517,WADA,4603,KONDHALA,195020,19.52774,73.13766,Kondala Phata,1,50
MAHARASHTRA,27,THANE,517,WADA,4603,KHUPARI,195019,19.57275,73.10201,Khupri GP,1,39.92
MAHARASHTRA,27,THANE,517,WADA,4603,KHARIVALI,195018,19.63928,73.03992,Kharivali GP,1,51.44
MAHARASHTRA,27,THANE,517,WADA,4603,KHANIVALI,195017,19.59612,73.06364,Khanivali GP,1,51.52
MAHARASHTRA,27,THANE,517,WADA,4603,KHAIRE-AMBIVALI,195016,19.55151,73.17632,Khaire Ambivali GP,1,148.88
MAHARASHTRA,27,THANE,517,WADA,4603,KELTHAN,195015,19.50302,73.03574,Keltan GP,1,55.68
MAHARASHTRA,27,THANE,517,WADA,4603,KASGHAR,195014,19.66199,73.20335,Kasghar GP,1,59.04
MAHARASHTRA,27,THANE,517,WADA,4603,KANCHAD,195013,19.6759,73.02137,Kanchad GP,1,88.4
MAHARASHTRA,27,THANE,517,WADA,4603,KAMBARE,195012,19.572932,73.18497,Kambarae GP,1,48.88
MAHARASHTRA,27,THANE,517,WADA,4603,KALAMKH-AND,195011,19.67582,73.02969,Kalmkhad GP,1,43.2
MAHARASHTRA,27,THANE,517,WADA,4603,KALAMBHE,195010,19.66027,73.24931,Kalambhe GP,1,51.28
MAHARASHTRA,27,THANE,517,WADA,4603,JAMGHAR,195009,19.59914,73.10162,Jamghar GP,1,73.6
MAHARASHTRA,27,THANE,517,WADA,4603,HAROSALE,195008,19.67212,73.16083,Harsole GP,1,23.6
MAHARASHTRA,27,THANE,517,WADA,4603,HAMRAPUR,195007,19.69793,72.95142,Hamarapur GP,1,72.16
MAHARASHTRA,27,THANE,517,WADA,4603,GUNJ,195006,19.54883,73.06148,Gunj GP,1,152.56
MAHARASHTRA,27,THANE,517,WADA,4603,GUHIR,195005,19.68724,72.95232,Guhir GP,1,66.48
MAHARASHTRA,27,THANE,517,WADA,4603,GORHE,195004,19.64585,73.00821,Gorhe GP,1,66.32
MAHARASHTRA,27,THANE,517,WADA,4603,GORAD,195003,19.5039,73.02394,Gorad GP,1,51.52
MAHARASHTRA,27,THANE,517,WADA,4603,GHONSAI,195002,19.49902,73.08195,Ghonsai GP,1,68.48
MAHARASHTRA,27,THANE,517,WADA,4603,GAVRAPUR,195001,19.5882,73.04334,Gavrapur GP,1,86.32
MAHARASHTRA,27,THANE,517,WADA,4603,GATES BK,195000,19.62362,73.12454,Gates BK GP,1,18.4
MAHARASHTRA,27,THANE,517,WADA,4603,GARGAON,194999,19.74643,73.20617,Garegaon GP,1,34.16
MAHARASHTRA,27,THANE,517,WADA,4603,GANDHRE,194998,19.64195,73.14226,Gandhare GP,1,13.2
MAHARASHTRA,27,THANE,517,WADA,4603,GALTARE,194997,19.67172,72.95399,Galtare GP,1,24.24
MAHARASHTRA,27,THANE,517,WADA,4603,DONGASTE,194996,19.53225,73.07996,Dongaste GP,1,30.24
MAHARASHTRA,27,THANE,517,WADA,4603,DEVGHAR,194995,19.5625,73.05795,Devghar GP,1,24.16
MAHARASHTRA,27,THANE,517,WADA,4603,DEVALI,194994,19.69028,73.14999,Devli GP,1,74.08
MAHARASHTRA,27,THANE,517,WADA,4603,DAKIVALI,194993,19.48773,73.07224,Dakivali GP,1,23.68
MAHARASHTRA,27,THANE,517,WADA,4603,DAHE,194992,19.68223,73.17309,Dahe GP,1,34.96
MAHARASHTRA,27,THANE,517,WADA,4603,CHINCHGHAR,194991,19.53083,73.09076,Chinchghar GP,1,84.96
MAHARASHTRA,27,THANE,517,WADA,4603,CHIKHALE,194990,19.58997,73.13092,Chikhali GP,1,41.76
MAHARASHTRA,27,THANE,517,WADA,4603,CHANBALE,194989,19.49223,73.06034,Chanbale GP,1,61.12
MAHARASHTRA,27,THANE,517,WADA,4603,BUDHAVALI,194988,19.55248,73.06843,Budhavai GP,1,29.04
MAHARASHTRA,27,THANE,517,WADA,4603,BILOSHI,194986,19.57811,73.06827,Biloshi GP,1,25.92
MAHARASHTRA,27,THANE,517,WADA,4603,BILGAHAR,194985,19.63465,73.22311,Bilghar GP,1,46.24
MAHARASHTRA,27,THANE,517,WADA,4603,BILAVALI,194984,19.5504,73.08356,Bilivali GP,1,33.44
MAHARASHTRA,27,THANE,517,WADA,4603,BHAVEGHAR,194983,19.59074,73.06928,Bhaveghar Gp,1,45.12
MAHARASHTRA,27,THANE,517,WADA,4603,BALIVALI,194982,19.66077,73.21469,Balivali GP,1,131.6
MAHARASHTRA,27,THANE,517,WADA,4603,AMBISTEBK,194981,19.60395,73.05917,Ambiste GP,1,79.68
MAHARASHTRA,27,THANE,517,WADA,4603,AMBHAI,194980,19.69829,72.97865,Ambhai GP,1,106.64
MAHARASHTRA,27,THANE,517,WADA,4603,ALMAN,194979,19.63335,73.09139,Alman GP,1,76.24
MAHARASHTRA,27,THANE,517,WADA,4603,AKHADA,194978,19.79805,73.28237,Akhoda GP[,1,78.88
MAHARASHTRA,27,THANE,517,WADA,4603,AINSHET,194977,19.64033,73.15656,Ainshet GP,1,20.4
MAHARASHTRA,27,THANE,517,WADA,4603,ABAJE,194976,19.61976,73.07715,ABAJE GP,1,35.84
MAHARASHTRA,27,THANE,517,WADA,4603,ABITGHAR,194975,19.58426,73.1673,ABITGHAR GP,1,45.52
MAHARASHTRA,27,THANE,517,TALASARI,4598,ZARI,194859,20.1306,72.868,ZARI,1,70.16
MAHARASHTRA,27,THANE,517,TALASARI,4598,ZAI BORIGAON,194858,20.13036,72.74506,ZAI BORIGAON,1,66.88
MAHARASHTRA,27,THANE,517,TALASARI,4598,VARWADE,194857,20.17988,72.89632,VARWADE,1,80.48
MAHARASHTRA,27,THANE,517,TALASARI,4598,VEVAJI,194856,20.14301,72.79759,VEVAJI,1,71.84
MAHARASHTRA,27,THANE,517,TALASARI,4598,VASA,194855,20.1217,72.84763,VASA,1,90.56
MAHARASHTRA,27,THANE,517,TALASARI,4598,VADAVALI - SAVEN,194854,20.09902,72.9126,VADAVALI- SAVEN,1,52
MAHARASHTRA,27,THANE,517,TALASARI,4598,UPLAT,194853,20.19145,72.89173,UPLAT,1,47.2
MAHARASHTRA,27,THANE,517,TALASARI,4598,UDHAVA,194852,20.09144,73.00134,UDHAVA,1,30.32
MAHARASHTRA,27,THANE,517,TALASARI,4598,TALASARI,194851,20.11572,72.91815,TALASARI,1,19.76
MAHARASHTRA,27,THANE,517,TALASARI,4598,SUTRAKAR,194850,20.13953,72.93714,SUTRAKAR,1,48.48
MAHARASHTRA,27,THANE,517,TALASARI,4598,SAMBHA,194849,20.19765,72.84268,SAMBHA,1,47.84
MAHARASHTRA,27,THANE,517,TALASARI,4598,KURZE,194848,20.10247,72.94023,KURZE,1,21.84
MAHARASHTRA,27,THANE,517,TALASARI,4598,KODAD,194847,20.13519,73.00363,KODAD,1,71.92
MAHARASHTRA,27,THANE,517,TALASARI,4598,KOCHAI - BORMAL,194846,20.19001,72.94305,KOCHAI-BORMAL,1,44.48
MAHARASHTRA,27,THANE,517,TALASARI,4598,KAWADA,194845,20.11594,72.8857,KAWADA,1,3.2
MAHARASHTRA,27,THANE,517,TALASARI,4598,KARAJGAON,194844,20.09601,72.85099,KARAJGAON,1,38.08
MAHARASHTRA,27,THANE,517,TALASARI,4598,GIRGAON,194842,20.17297,72.82435,GIRGAON,1,65.92
MAHARASHTRA,27,THANE,517,TALASARI,4598,GHIMANIA,194841,20.17902,72.82465,GHIMANIA,1,57.12
MAHARASHTRA,27,THANE,517,TALASARI,4598,DONGARI,194840,20.18377,72.8605,DONGARI,1,50
MAHARASHTRA,27,THANE,517,TALASARI,4598,SAVAROLI - ANAVIR,194839,20.17799,72.92683,SAVAROLI-ANAVIR,1,28.48
MAHARASHTRA,27,THANE,517,TALASARI,4598,AMGAON - ACHCHAD,194838,20.18563,72.87961,AMGAON-ACHCHAD,1,52.4
MAHARASHTRA,27,THANE,517,PALGHAR,4596,VAKSAI,194726,19.62286,72.79115,VAKSAI,1,16.48
MAHARASHTRA,27,THANE,517,PALGHAR,4596,VADHIV SARAVLI,194725,19.55276,72.82975,VADHIV SARAVALI,1,47.6
MAHARASHTRA,27,THANE,517,PALGHAR,4596,VADA KHADKONA,194724,19.78268,72.91084,VADA KHADKONA,1,17.28
MAHARASHTRA,27,THANE,517,PALGHAR,4596,VIRATHAN BR.,194723,19.54631,72.79092,VIRATHAN BR,1,29.76
MAHARASHTRA,27,THANE,517,PALGHAR,4596,VIRATHAN KHURD,194722,19.57152,72.78983,VIRATHAN KHURD,1,37.52
MAHARASHTRA,27,THANE,517,PALGHAR,4596,VILANGI,194721,19.585,72.78211,VILANGI,1,50.16
MAHARASHTRA,27,THANE,517,PALGHAR,4596,VENGANI,194720,19.82124,72.7091,VENGANI,1,54.08
MAHARASHTRA,27,THANE,517,PALGHAR,4596,VEDHI,194719,19.56074,72.77586,VEDHI,1,66.48
MAHARASHTRA,27,THANE,517,PALGHAR,4596,VASROLI,194718,19.71727,72.85852,VASROLI,1,36.16
MAHARASHTRA,27,THANE,517,PALGHAR,4596,USARANI,194717,19.57822,72.71894,USARANI,1,49.92
MAHARASHTRA,27,THANE,517,PALGHAR,4596,UNBHAT,194716,19.81733,72.67989,UNBHAT,1,72.64
MAHARASHTRA,27,THANE,517,PALGHAR,4596,UMROLI,194715,19.75569,72.7563,UMROLI,1,30.16
MAHARASHTRA,27,THANE,517,PALGHAR,4596,UCHCHHELI,194712,19.8032,72.688,UCHCHHELI,1,55.44
MAHARASHTRA,27,THANE,517,PALGHAR,4596,TIGHARE,194711,19.58083,72.76063,TIGHARE,1,38.24
MAHARASHTRA,27,THANE,517,PALGHAR,4596,TEN,194710,19.71798,72.93873,TEN,1,22
MAHARASHTRA,27,THANE,517,PALGHAR,4596,TEMBHIKHODAVE,194709,19.5166,72.81992,TEMBHIKHODAVE,1,63.2
MAHARASHTRA,27,THANE,517,PALGHAR,4596,TEMBHI,194708,19.7918,72.7009,TEMBHI,1,77.76
MAHARASHTRA,27,THANE,517,PALGHAR,4596,TARAPUR,194707,19.86134,72.6827,TARAPUR,1,32.72
MAHARASHTRA,27,THANE,517,PALGHAR,4596,TANDULWADI,194706,19.6047,72.85516,TANDULWADI,1,68.08
MAHARASHTRA,27,THANE,517,PALGHAR,4596,SONAVE,194704,19.58364,72.87974,SONAVE,1,44.56
MAHARASHTRA,27,THANE,517,PALGHAR,4596,SHIRGAON,194703,19.69701,72.71454,SHIRGAON,1,21.36
MAHARASHTRA,27,THANE,517,PALGHAR,4596,SHILTE,194702,19.55917,72.8083,SHILTE,1,22.4
MAHARASHTRA,27,THANE,517,PALGHAR,4596,SHIGAON,194701,19.83825,72.80583,SHIGAON,1,18.48
MAHARASHTRA,27,THANE,517,PALGHAR,4596,SHELWALI,194700,19.70405,72.79351,SHELWALI,1,11.92
MAHARASHTRA,27,THANE,517,PALGHAR,4596,SAVARE,194699,19.71125,72.89332,SAVARE,1,33.68
MAHARASHTRA,27,THANE,517,PALGHAR,4596,SATPATI,194698,19.72108,72.70399,SATPATI,1,48.4
MAHARASHTRA,27,THANE,517,PALGHAR,4596,SATIWALI,194697,19.63124,72.91727,SATIWALI,1,37.2
MAHARASHTRA,27,THANE,517,PALGHAR,4596,SARAVALI,194695,19.77712,72.7538,SARAVALI,1,58.8
MAHARASHTRA,27,THANE,517,PALGHAR,4596,SAPHALA,194694,19.57138,72.8229,SAPHALA,1,19.36
MAHARASHTRA,27,THANE,517,PALGHAR,4596,SALWAD,194693,19.80835,72.72068,SALWAD,1,33.68
MAHARASHTRA,27,THANE,517,PALGHAR,4596,SAKHARE,194692,19.63836,72.86981,SAKHARE,1,68.16
MAHARASHTRA,27,THANE,517,PALGHAR,4596,SAGAVE,194691,19.72714,72.83961,SAGAVE,1,48.32
MAHARASHTRA,27,THANE,517,PALGHAR,4596,RAVATE,194690,19.82827,72.84845,RAVATE,1,167.04
MAHARASHTRA,27,THANE,517,PALGHAR,4596,POLE,194689,19.7475,72.9388,POLE,1,29.84
MAHARASHTRA,27,THANE,517,PALGHAR,4596,POPHRAN,194688,19.85367,72.72031,POPHRAN,1,69.28
MAHARASHTRA,27,THANE,517,PALGHAR,4596,PATHRALI,194686,19.81518,72.70125,PATHRALI,1,27.12
MAHARASHTRA,27,THANE,517,PALGHAR,4596,PASTHAL,194685,19.81925,72.72974,PASTHAL,1,31.92
MAHARASHTRA,27,THANE,517,PALGHAR,4596,PARANALI,194684,19.832,72.73488,PARNALI,1,54.96
MAHARASHTRA,27,THANE,517,PALGHAR,4596,PARGAON,194683,19.59478,72.87817,PARGAON,1,37.52
MAHARASHTRA,27,THANE,517,PALGHAR,4596,PANCHALI,194682,19.76159,72.75059,PANCHALI,1,21.44
MAHARASHTRA,27,THANE,517,PALGHAR,4596,PAM,194681,19.79057,72.70728,PAM,1,64.48
MAHARASHTRA,27,THANE,517,PALGHAR,4596,PADAGHE,194680,19.75399,72.77985,PADAGHE,1,32.56
MAHARASHTRA,27,THANE,517,PALGHAR,4596,NIHE,194679,19.75874,72.8556,NIHE,1,34.64
MAHARASHTRA,27,THANE,517,PALGHAR,4596,NEVALE,194678,19.82699,72.76898,NEVALE,1,38.48
MAHARASHTRA,27,THANE,517,PALGHAR,4596,NEW DAPCHARI,194677,19.7583,72.95812,NEW DAPCHRI,1,48.56
MAHARASHTRA,27,THANE,517,PALGHAR,4596,NAVGHAR GHATIM,194675,19.5482,72.87028,NAVGHAR GHATIM,1,33.12
MAHARASHTRA,27,THANE,517,PALGHAR,4596,NAVAZE,194674,19.63207,72.86586,NAVAZE,1,23.68
MAHARASHTRA,27,THANE,517,PALGHAR,4596,NAVAPUR,194673,19.78838,72.69019,NAVAPUR,1,57.68
MAHARASHTRA,27,THANE,517,PALGHAR,4596,NANIVALI,194672,19.85187,72.89241,NANIVALI,1,28.88
MAHARASHTRA,27,THANE,517,PALGHAR,4596,NANDORE DEVKHOP,194671,19.73611,72.78754,NANDORE DEVKHOP,1,44.16
MAHARASHTRA,27,THANE,517,PALGHAR,4596,NANGAON T MANOR,194670,19.73611,72.91724,NANGAON T MANOR,1,102.16
MAHARASHTRA,27,THANE,517,PALGHAR,4596,NANDGAON TARFE TARAPUR,194669,19.76006,72.68877,NANDGAON TARFE TARAPUR,1,37.12
MAHARASHTRA,27,THANE,517,PALGHAR,4596,NAGZARI,194668,19.77827,72.85074,NAGZARI,1,38
MAHARASHTRA,27,THANE,517,PALGHAR,4596,NAGAWE,194666,19.57465,72.76947,NAGAWE,1,24.48
MAHARASHTRA,27,THANE,517,PALGHAR,4596,MURBE,194665,19.7396,72.70704,MURBE,1,63.04
MAHARASHTRA,27,THANE,517,PALGHAR,4596,MOREKURAN,194663,19.73083,72.75262,MOREKURAN,1,21.12
MAHARASHTRA,27,THANE,517,PALGHAR,4596,MAYKHOP,194661,19.61594,72.78761,MAYKHOP,1,60.48
MAHARASHTRA,27,THANE,517,PALGHAR,4596,MATHANE,194660,19.54612,72.725,MATHANE,1,22.96
MAHARASHTRA,27,THANE,517,PALGHAR,4596,MASVAN,194659,19.70602,72.85381,MASVAN,1,46.08
MAHARASHTRA,27,THANE,517,PALGHAR,4596,MANOR,194658,19.72261,72.91,MANOR,1,33.84
MAHARASHTRA,27,THANE,517,PALGHAR,4596,MANDE,194656,19.5665,72.79832,MANDE,1,25.68
MAHARASHTRA,27,THANE,517,PALGHAR,4596,MAKUNSAR,194654,19.5925,72.77686,MAKUNSAR,1,32
MAHARASHTRA,27,THANE,517,PALGHAR,4596,MAKANE,194653,19.81219,72.77016,MAKANE,1,34.64
MAHARASHTRA,27,THANE,517,PALGHAR,4596,MAHIM,194652,19.64617,72.72369,MAHIM,1,50.64
MAHARASHTRA,27,THANE,517,PALGHAR,4596,MAHAGAON,194651,19.8007,72.81277,MAHAGAON,1,45.04
MAHARASHTRA,27,THANE,517,PALGHAR,4596,LOWARE,194650,19.73901,72.85754,LOWARE,1,21.36
MAHARASHTRA,27,THANE,517,PALGHAR,4596,LALTHANE,194649,19.62641,72.85139,LALTHANE,1,16.64
MAHARASHTRA,27,THANE,517,PALGHAR,4596,LALONDE,194648,19.78702,72.85411,LALONDE,1,123.2
MAHARASHTRA,27,THANE,517,PALGHAR,4596,KURGAON,194647,19.83296,72.72059,KURGAON,1,60.24
MAHARASHTRA,27,THANE,517,PALGHAR,4596,KUMBHAWALI,194646,19.7733,72.71364,KUMBHAWALI,1,52.48
MAHARASHTRA,27,THANE,517,PALGHAR,4596,KUDAN,194645,19.84895,72.69968,KUDAN,1,25.12
MAHARASHTRA,27,THANE,517,PALGHAR,4596,KOSBAD,194644,19.74055,72.95776,KOSBAD,1,43.84
MAHARASHTRA,27,THANE,517,PALGHAR,4596,KORE,194643,19.53093,72.73267,KORE,1,182.08
MAHARASHTRA,27,THANE,517,PALGHAR,4596,KONDHAN,194642,19.75225,72.88715,KONDHAN,1,83.76
MAHARASHTRA,27,THANE,517,PALGHAR,4596,KOLWADE,194641,19.78292,72.72835,KOLWADE,1,50.8
MAHARASHTRA,27,THANE,517,PALGHAR,4596,KOLGAON,194640,19.73535,72.76197,KOLGAON,1,88.16
MAHARASHTRA,27,THANE,517,PALGHAR,4596,KOKNER,194639,19.70946,72.8455,KOKNER,1,55.28
MAHARASHTRA,27,THANE,517,PALGHAR,4596,KIRAT,194638,19.79808,72.84725,KIRAT,1,63.68
MAHARASHTRA,27,THANE,517,PALGHAR,4596,KHAREKURAN,194635,19.73704,72.71864,KHAREKHURAN,1,44.96
MAHARASHTRA,27,THANE,517,PALGHAR,4596,KHARDI,194634,19.52495,72.76463,KHARDI,1,13.52
MAHARASHTRA,27,THANE,517,PALGHAR,4596,KHANIWAD,194633,19.83253,72.82786,KHANIWAD,1,58.16
MAHARASHTRA,27,THANE,517,PALGHAR,4596,KHAMLOLI,194632,19.66203,72.87854,KHAMLOLI,1,25.6
MAHARASHTRA,27,THANE,517,PALGHAR,4596,KHAIRE GROUP,194631,19.61625,72.92419,KHAIRE GROUP,1,17.04
MAHARASHTRA,27,THANE,517,PALGHAR,4596,KHAIREPADA,194630,19.78461,72.76262,KHAIREPADA,1,32.72
MAHARASHTRA,27,THANE,517,PALGHAR,4596,KELWA,194629,19.60358,72.73437,KELWA,1,36.64
MAHARASHTRA,27,THANE,517,PALGHAR,4596,KATALE,194628,19.72866,72.8563,KATALE,1,21.68
MAHARASHTRA,27,THANE,517,PALGHAR,4596,KARWALE,194627,19.5582,72.84834,KARWALE,1,42.32
MAHARASHTRA,27,THANE,517,PALGHAR,4596,KARDAL,194626,19.58159,72.81858,KARDAL,1,47.2
MAHARASHTRA,27,THANE,517,PALGHAR,4596,KARALGAON,194625,19.71225,72.95515,KARALGAON,1,54.72
MAHARASHTRA,27,THANE,517,PALGHAR,4596,KAPASE,194624,19.58302,72.80926,KAPASE,1,51.2
MAHARASHTRA,27,THANE,517,PALGHAR,4596,KANDREBHURE,194623,19.53744,72.83455,KANDREBHURE,1,31.84
MAHARASHTRA,27,THANE,517,PALGHAR,4596,KAMARE,194622,19.67776,72.78936,KAMARE,1,19.12
MAHARASHTRA,27,THANE,517,PALGHAR,4596,JALSAR,194621,19.52935,72.80386,JALSAR,1,23.36
MAHARASHTRA,27,THANE,517,PALGHAR,4596,JAYSHET,194620,19.58655,72.9613,JAYSHET,1,47.36
MAHARASHTRA,27,THANE,517,PALGHAR,4596,HANUMAN NAGAR,194619,19.75043,72.77914,HANUMAN NAGAR,1,27.04
MAHARASHTRA,27,THANE,517,PALGHAR,4596,HALOLI,194618,19.66744,72.90277,HALOLI,1,37.52
MAHARASHTRA,27,THANE,517,PALGHAR,4596,GUNDALE,194617,19.78229,72.82732,GUNDALE,1,32.16
MAHARASHTRA,27,THANE,517,PALGHAR,4596,GOWADE,194616,19.70201,72.87804,GOWADE,1,20.64
MAHARASHTRA,27,THANE,517,PALGHAR,4596,GIRNOLI,194615,19.84192,72.73572,GIRNOLI,1,52.08
MAHARASHTRA,27,THANE,517,PALGHAR,4596,GIRALE,194614,19.60733,72.87697,GIRALE,1,49.76
MAHARASHTRA,27,THANE,517,PALGHAR,4596,GHIVALI,194613,19.84515,72.66622,GHIVALI,1,24.32
MAHARASHTRA,27,THANE,517,PALGHAR,4596,EDVAN,194608,19.54073,72.72911,EDVAN,1,12.56
MAHARASHTRA,27,THANE,517,PALGHAR,4596,DURVES,194607,19.72607,72.92328,DURVES,1,32.4
MAHARASHTRA,27,THANE,517,PALGHAR,4596,DONGRE,194606,19.53844,72.7464,DONGRE,1,27.04
MAHARASHTRA,27,THANE,517,PALGHAR,4596,DHUKTAN,194605,19.68266,72.87029,DHUKTAN,1,35.92
MAHARASHTRA,27,THANE,517,PALGHAR,4596,GANJE DHEKALE,194604,19.61557,72.91819,GANJE DHEKALE,1,42.72
MAHARASHTRA,27,THANE,517,PALGHAR,4596,DHANSAR,194603,19.70041,72.73566,DHANSAR,1,28.72
MAHARASHTRA,27,THANE,517,PALGHAR,4596,DATIWARE,194602,19.50986,72.7723,DATIWARE,1,30.16
MAHARASHTRA,27,THANE,517,PALGHAR,4596,DARSHET,194601,19.54498,72.90059,DARSHET,1,45.12
MAHARASHTRA,27,THANE,517,PALGHAR,4596,DAPOLI,194600,19.74457,72.73907,DAPOLI,1,40.96
MAHARASHTRA,27,THANE,517,PALGHAR,4596,DANDI,194599,19.80105,72.68719,DANDI,1,31.52
MAHARASHTRA,27,THANE,517,PALGHAR,4596,DANDA KHATALI,194598,19.5958,72.73588,DANDA KATELE,1,66.32
MAHARASHTRA,27,THANE,517,PALGHAR,4596,DAHISAR TARFE TARAPUR,194597,19.84554,72.72756,DAHISAR,1,38.16
MAHARASHTRA,27,THANE,517,PALGHAR,4596,DAHISAR T MANOR,194596,19.64088,72.88835,DAHISAR T,1,12.48
MAHARASHTRA,27,THANE,517,PALGHAR,4596,CHINCHARE,194595,19.84905,72.85346,CHINCHARE,1,17.36
MAHARASHTRA,27,THANE,517,PALGHAR,4596,CHATALE,194594,19.56763,72.75951,CHATALE,1,39.36
MAHARASHTRA,27,THANE,517,PALGHAR,4596,CHAHADE,194593,19.68704,72.85149,CHAHADE,1,26.24
MAHARASHTRA,27,THANE,517,PALGHAR,4596,BORSHETI,194592,19.81967,72.8494,BORSHETI,1,19.2
MAHARASHTRA,27,THANE,517,PALGHAR,4596,BOISAR,194591,19.79779,72.76167,BOISAR,1,50.56
MAHARASHTRA,27,THANE,517,PALGHAR,4596,BIRWADI,194590,19.75627,72.76115,BIRWADI,1,33.36
MAHARASHTRA,27,THANE,517,PALGHAR,4596,BHADVE,194589,19.56121,72.74229,BHADVE,1,60.72
MAHARASHTRA,27,THANE,517,PALGHAR,4596,BETEGAON,194588,19.77756,72.77016,BETEGAON,1,26.72
MAHARASHTRA,27,THANE,517,PALGHAR,4596,BARHANPUR,194587,19.85074,72.9381,BARHANPUR,1,18.72
MAHARASHTRA,27,THANE,517,PALGHAR,4596,BHAHADOLI,194586,19.66449,72.87499,BHAHADLOLI,1,20.8
MAHARASHTRA,27,THANE,517,PALGHAR,4596,AAVDHANI,194585,19.7569,72.91599,AAVDHANI,1,15.92
MAHARASHTRA,27,THANE,517,PALGHAR,4596,AALEWADI,194582,19.77182,72.69019,AALEWADI,1,67.84
MAHARASHTRA,27,THANE,517,PALGHAR,4596,AKKARPATT,194581,19.85219,72.72678,AKKARPATT,1,27.76
MAHARASHTRA,27,THANE,517,PALGHAR,4596,AAGARWADI,194580,19.58549,72.77227,AAGARWADI,1,16.56
MAHARASHTRA,27,THANE,517,KALYAN,4593,VEHELE,194424,19.37457,73.28471,Vehele GP,1,29.76
MAHARASHTRA,27,THANE,517,KALYAN,4593,VASUNDRI,194423,19.30918,73.19269,Vasundri GP,1,12.72
MAHARASHTRA,27,THANE,517,KALYAN,4593,VASAT SHELVALI,194422,19.21127,73.23617,Vasat Shelvali GP,1,11.92
MAHARASHTRA,27,THANE,517,KALYAN,4593,VARAP,194421,19.25043,73.18475,Varap-gp,1,17.12
MAHARASHTRA,27,THANE,517,KALYAN,4593,VAHOLI,194420,19.23988,73.24183,Vaholi GP,1,30
MAHARASHTRA,27,THANE,517,KALYAN,4593,UTANE,194419,19.32158,73.23029,Utane GP,1,49.84
MAHARASHTRA,27,THANE,517,KALYAN,4593,USHID,194418,19.33787,73.2809,Ushid GP,1,57.44
MAHARASHTRA,27,THANE,517,KALYAN,4593,USARGHAR,194417,19.18107,73.07076,Usarghar GP,1,43.68
MAHARASHTRA,27,THANE,517,KALYAN,4593,SONARPADA,194416,19.19381,73.10474,Sonarpada GP,1,27.52
MAHARASHTRA,27,THANE,517,KALYAN,4593,SANGODE,194414,19.30563,73.19028,Sangode GP,1,20.24
MAHARASHTRA,27,THANE,517,KALYAN,4593,SANDAP,194413,19.1863,73.08334,Sandap GP,1,20.56
MAHARASHTRA,27,THANE,517,KALYAN,4593,SAGAON,194412,19.20108,73.09597,Sagaon GP,1,36.08
MAHARASHTRA,27,THANE,517,KALYAN,4593,RUNDE,194411,19.30638,73.24295,Runde GP,1,49.44
MAHARASHTRA,27,THANE,517,KALYAN,4593,RAYATE,194410,19.25407,73.22591,Rayate GP,1,25.2
MAHARASHTRA,27,THANE,517,KALYAN,4593,RAYE,194409,19.33422,73.20719,Raye GP,1,29.04
MAHARASHTRA,27,THANE,517,KALYAN,4593,PISVALI,194408,19.21587,73.12248,Pisvali GP,1,27.52
MAHARASHTRA,27,THANE,517,KALYAN,4593,PALSOLI,194407,19.36285,73.27708,Palsoli GP,1,39.6
MAHARASHTRA,27,THANE,517,KALYAN,4593,NIMBAVLI,194406,19.31895,73.2079,Nimbavli GP,1,20.64
MAHARASHTRA,27,THANE,517,KALYAN,4593,NILJE,194405,19.16405,73.08034,Nilje GP,1,60.4
MAHARASHTRA,27,THANE,517,KALYAN,4593,NANDIVLI TARFE AMBERNATH,194404,19.21148,73.13773,Nandivli Tarfe Ambernath GP,1,10
MAHARASHTRA,27,THANE,517,KALYAN,4593,NANDAP,194403,19.27908,73.21047,Nandap GP,1,36.16
MAHARASHTRA,27,THANE,517,KALYAN,4593,NADGAON,194402,19.34027,73.22494,Nadgaon GP,1,36.48
MAHARASHTRA,27,THANE,517,KALYAN,4593,MAMANOLI,194401,19.27246,73.29071,Mamanoli GP,1,25.44
MAHARASHTRA,27,THANE,517,KALYAN,4593,MHASKAL,194400,19.28712,73.2474,Mhaskal GP,1,26.56
MAHARASHTRA,27,THANE,517,KALYAN,4593,MHARAL,194399,19.24263,73.17206,Hharal GP,1,63.6
MAHARASHTRA,27,THANE,517,KALYAN,4593,MANIVLI,194397,19.26715,73.20824,Manivli GP,1,32.24
MAHARASHTRA,27,THANE,517,KALYAN,4593,NANDIVLI TARFE PANCHANAND,194396,19.19977,73.08522,Nandivli Tarfe Panchanand GP,1,28.48
MAHARASHTRA,27,THANE,517,KALYAN,4593,KUNDE,194395,19.27445,73.29385,Kunde GP,1,18.96
MAHARASHTRA,27,THANE,517,KALYAN,4593,KOSALE,194394,19.38072,73.26617,Kosale GP,1,36.72
MAHARASHTRA,27,THANE,517,KALYAN,4593,KOLE,194393,19.17011,73.08791,Kole GP,1,42.08
MAHARASHTRA,27,THANE,517,KALYAN,4593,KHONI,194392,19.1705,73.12047,Khoni GP,1,29.2
MAHARASHTRA,27,THANE,517,KALYAN,4593,KATAI,194390,19.16974,73.08194,Katai GP,1,40.16
MAHARASHTRA,27,THANE,517,KALYAN,4593,KAMBA,194389,19.24715,73.1988,Kamba GP,1,25.28
MAHARASHTRA,27,THANE,517,KALYAN,4593,KAKADPADA,194388,19.36996,73.27653,Kakadpada GP,1,33.92
MAHARASHTRA,27,THANE,517,KALYAN,4593,JAMBUL,194387,19.19968,73.24073,Jambul GP,1,15.2
MAHARASHTRA,27,THANE,517,KALYAN,4593,HEDUTANE,194386,19.16469,73.10284,Hedutane GP,1,17.92
MAHARASHTRA,27,THANE,517,KALYAN,4593,GURVLI,194385,19.32001,73.21366,Gurvli GP,1,27.04
MAHARASHTRA,27,THANE,517,KALYAN,4593,GOVELI,194384,19.26387,73.24001,Goveli GP,1,11.68
MAHARASHTRA,27,THANE,517,KALYAN,4593,GOLVALI,194383,19.21017,73.11662,Golvali GP,1,21.2
MAHARASHTRA,27,THANE,517,KALYAN,4593,GHOTSAI,194382,19.27773,73.22495,Ghotsai GP,1,21.6
MAHARASHTRA,27,THANE,517,KALYAN,4593,GHESAR,194381,19.15244,73.08524,Ghesar GP,1,27.12
MAHARASHTRA,27,THANE,517,KALYAN,4593,GHARIVALI,194380,19.18038,73.08424,Gharivali GP,1,28.56
MAHARASHTRA,27,THANE,517,KALYAN,4593,GERASE,194379,19.38694,73.27007,Gerase GP,1,26
MAHARASHTRA,27,THANE,517,KALYAN,4593,FALEGAON,194378,19.3234,73.26696,Falegaon GP,1,66.88
MAHARASHTRA,27,THANE,517,KALYAN,4593,DAVDI,194377,19.19668,73.11662,Davdi GP,1,33.28
MAHARASHTRA,27,THANE,517,KALYAN,4593,DAHIVLI,194376,19.3076,73.28295,Dahivali GP,1,46.64
MAHARASHTRA,27,THANE,517,KALYAN,4593,DAHAGAON,194375,19.22159,73.25999,Dahagaon GP,1,36.88
MAHARASHTRA,27,THANE,517,KALYAN,4593,BHOPAR,194374,19.18789,73.07362,Bhopar GP,1,39.76
MAHARASHTRA,27,THANE,517,KALYAN,4593,BEHERE,194372,19.35456,73.21801,Behere GP,1,36.56
MAHARASHTRA,27,THANE,517,KALYAN,4593,BAPSAI,194371,19.27291,73.26351,Bapai GP,1,33.44
MAHARASHTRA,27,THANE,517,KALYAN,4593,ASADE,194370,19.21237,73.10311,Asade GP,1,43.12
MAHARASHTRA,27,THANE,517,BHIWANDI,4590,ZIDAKE,194234,19.4688,73.07828,Zidke GP,1,22.72
MAHARASHTRA,27,THANE,517,BHIWANDI,4590,VARET,194233,19.45112,73.08238,Varet GP,1,46.56
MAHARASHTRA,27,THANE,517,BHIWANDI,4590,VAJRESHWARI,194232,19.48832,73.02832,Vajreshwari GP,1,60
MAHARASHTRA,27,THANE,517,BHIWANDI,4590,VEHELE,194231,19.23536,73.06144,Vehele GP,1,55.76
MAHARASHTRA,27,THANE,517,BHIWANDI,4590,VEDHE,194230,19.45586,73.06264,Vedhe GP,1,53.12
MAHARASHTRA,27,THANE,517,BHIWANDI,4590,VANDRE,194229,19.35254,73.20174,Vandre GP,1,21.52
MAHARASHTRA,27,THANE,517,BHIWANDI,4590,VAL,194228,19.2655,73.04163,Val Gp,1,9.84
MAHARASHTRA,27,THANE,517,BHIWANDI,4590,VADVALI T.RAHUR,194227,19.40867,73.20405,Vadavali GP,1,25.68
MAHARASHTRA,27,THANE,517,BHIWANDI,4590,VADUNAVGHAR,194226,19.30218,73.01679,Vadunavghar GP,1,25.92
MAHARASHTRA,27,THANE,517,BHIWANDI,4590,VADPE,194225,19.34594,73.11363,Vadape GP,1,7.36
MAHARASHTRA,27,THANE,517,BHIWANDI,4590,VADGAHR,194224,19.29346,73.01268,Vadghar GP,1,13.28
MAHARASHTRA,27,THANE,517,BHIWANDI,4590,TALVALI,194223,19.34676,73.15854,Talavali GP,1,68.56
MAHARASHTRA,27,THANE,517,BHIWANDI,4590,SURAI-SARANG,194222,19.22079,73.05795,Surai GP,1,116.16
MAHARASHTRA,27,THANE,517,BHIWANDI,4590,SUPEGAON,194221,19.37967,73.07858,Supegav GP,1,30.8
MAHARASHTRA,27,THANE,517,BHIWANDI,4590,SONALE,194220,19.28428,73.10972,Sonale GP,1,95.52
MAHARASHTRA,27,THANE,517,BHIWANDI,4590,SHIROLE,194219,19.44233,73.15368,Shirole GP,1,20.8
MAHARASHTRA,27,THANE,517,BHIWANDI,4590,SHELAR,194218,19.32136,73.06677,Shelar GP,1,99.68
MAHARASHTRA,27,THANE,517,BHIWANDI,4590,SAVAD,194217,19.29907,73.15179,Savad GP,1,94.64
MAHARASHTRA,27,THANE,517,BHIWANDI,4590,SARAVALI,194216,19.26654,73.09661,Sarvli GP,1,54.16
MAHARASHTRA,27,THANE,517,BHIWANDI,4590,SAPE,194215,19.34568,73.15728,Sape GP,1,5.76
MAHARASHTRA,27,THANE,517,BHIWANDI,4590,RAHUR,194214,19.3951,73.1781,Rahur GP,1,79.2
MAHARASHTRA,27,THANE,517,BHIWANDI,4590,RAHANAL,194213,19.26676,73.02909,Rahanal GP,1,48.4
MAHARASHTRA,27,THANE,517,BHIWANDI,4590,PURNA,194212,19.25606,73.02608,Purna Gp,1,53.2
MAHARASHTRA,27,THANE,517,BHIWANDI,4590,PUNDAS,194211,19.37439,73.1168,Pundas GP at Khaling Kh,1,78.16
MAHARASHTRA,27,THANE,517,BHIWANDI,4590,PISE,194210,19.30472,73.15153,Pise GP,1,35.84
MAHARASHTRA,27,THANE,517,BHIWANDI,4590,PIMPALNER,194209,19.24406,73.06805,Pimpalner GP,1,14.88
MAHARASHTRA,27,THANE,517,BHIWANDI,4590,PIMPALGHAR-RANJANOLI,194208,19.2667,73.08789,Pimpalghar Rajnoli GP,1,56.88
MAHARASHTRA,27,THANE,517,BHIWANDI,4590,PIMPLAS,194207,19.24615,73.07283,Pimplas GP,1,135.76
MAHARASHTRA,27,THANE,517,BHIWANDI,4590,PILANZE,194206,19.38562,73.0649,Pilanze GP,1,14.88
MAHARASHTRA,27,THANE,517,BHIWANDI,4590,PAYE,194205,19.31982,72.95449,Paye GP,1,34.96
MAHARASHTRA,27,THANE,517,BHIWANDI,4590,PARIVALI,194204,19.35464,73.06543,GP at Kolivali,1,26.16
MAHARASHTRA,27,THANE,517,BHIWANDI,4590,PALAKHANE,194203,19.42444,73.08804,Palkhane GP,1,107.84
MAHARASHTRA,27,THANE,517,BHIWANDI,4590,PAIGAON,194202,19.32543,72.97685,Paigaon GP,1,32.24
MAHARASHTRA,27,THANE,517,BHIWANDI,4590,PAHARE,194201,19.45226,73.09319,Pahare GP,1,26.56
MAHARASHTRA,27,THANE,517,BHIWANDI,4590,PADGHA,194200,19.36717,73.17462,Padgha GP,1,47.28
MAHARASHTRA,27,THANE,517,BHIWANDI,4590,PACHCHAPUR,194199,19.45396,73.17226,Pachharpur GP,1,103.84
MAHARASHTRA,27,THANE,517,BHIWANDI,4590,OVALI,194198,19.25552,73.05453,Ovali GP,1,24.88
MAHARASHTRA,27,THANE,517,BHIWANDI,4590,NIVALI,194197,19.37082,73.08862,Nivali GP,1,59.52
MAHARASHTRA,27,THANE,517,BHIWANDI,4590,NIMBAVALI,194196,19.32912,73.0968,Nimbavali GP,1,30.48
MAHARASHTRA,27,THANE,517,BHIWANDI,4590,NANDKAR,194195,19.30751,73.16109,Nandkar GP,1,23.44
MAHARASHTRA,27,THANE,517,BHIWANDI,4590,NANDITHANE,194194,19.39559,73.08051,Nandithane GP,1,27.76
MAHARASHTRA,27,THANE,517,BHIWANDI,4590,MORANI,194193,19.493,73.14777,Morani GP,1,88.96
MAHARASHTRA,27,THANE,517,BHIWANDI,4590,MOHILI,194192,19.42553,73.06313,Mohili GP,1,55.68
MAHARASHTRA,27,THANE,517,BHIWANDI,4590,MOHANDOOL,194191,19.4299,73.19036,Mohandul GP,1,32.8
MAHARASHTRA,27,THANE,517,BHIWANDI,4590,MAHALUNGE,194190,19.47449,73.04855,Mahalnge GP,1,38.24
MAHARASHTRA,27,THANE,517,BHIWANDI,4590,MANKOLI,194189,19.2389,73.04478,Mankoli GP,1,39.84
MAHARASHTRA,27,THANE,517,BHIWANDI,4590,MALODI,194188,19.31179,72.97906,Malodi GP,1,22
MAHARASHTRA,27,THANE,517,BHIWANDI,4590,MALBIDI,194187,19.41903,73.07311,Malbidi GP,1,294.64
MAHARASHTRA,27,THANE,517,BHIWANDI,4590,MAINDE,194186,19.46998,73.17906,Mainde GP,1,34.08
MAHARASHTRA,27,THANE,517,BHIWANDI,4590,MAHAPOLI,194185,19.40618,73.08582,Mahapoli GP,1,76.16
MAHARASHTRA,27,THANE,517,BHIWANDI,4590,LONAD,194184,19.28852,73.1358,Lonad GP,1,45.92
MAHARASHTRA,27,THANE,517,BHIWANDI,4590,LAP BU.,194183,19.40405,73.13699,Lap BK GP,1,41.44
MAHARASHTRA,27,THANE,517,BHIWANDI,4590,LAMAJ,194182,19.38679,73.08081,Lamaj GP,1,307.12
MAHARASHTRA,27,THANE,517,BHIWANDI,4590,LAKHIVALI,194181,19.3485,73.01316,Lakhivali GP,1,77.92
MAHARASHTRA,27,THANE,517,BHIWANDI,4590,KUSAPUR,194180,19.49566,73.14527,Kusapur GP,1,86.48
MAHARASHTRA,27,THANE,517,BHIWANDI,4590,KURUND,194179,19.3672,73.16286,Kurund-GP,1,145.36
MAHARASHTRA,27,THANE,517,BHIWANDI,4590,KUNDE,194178,19.47801,73.13377,Kunde GP,1,14.96
MAHARASHTRA,27,THANE,517,BHIWANDI,4590,KUKASE,194177,19.33438,73.14512,Kukase GP,1,26.72
MAHARASHTRA,27,THANE,517,BHIWANDI,4590,KUHE,194176,19.37698,72.98933,Kuhe GP,1,17.84
MAHARASHTRA,27,THANE,517,BHIWANDI,4590,KOSHIMBE,194175,19.41548,73.10988,Koshimbe GP,1,21.28
MAHARASHTRA,27,THANE,517,BHIWANDI,4590,KOPAR,194174,19.25395,73.02055,Kopar GP,1,40.48
MAHARASHTRA,27,THANE,517,BHIWANDI,4590,KON,194173,19.24788,73.10522,Kon GP,1,64.56
MAHARASHTRA,27,THANE,517,BHIWANDI,4590,KHONI,194172,19.30564,73.05119,Khoni GP,1,39.12
MAHARASHTRA,27,THANE,517,BHIWANDI,4590,KHARIVALI,194171,19.45976,73.11269,Kharivali GP,1,58.96
MAHARASHTRA,27,THANE,517,BHIWANDI,4590,KHARBAO,194170,19.2938,72.9959,Kharbao-GP,1,40.16
MAHARASHTRA,27,THANE,517,BHIWANDI,4590,KHANIVALI,194169,19.41093,73.21914,Khanivali GP,1,15.68
MAHARASHTRA,27,THANE,517,BHIWANDI,4590,KHANDVAL,194168,19.31933,73.14745,Khandwal GP,1,28.32
MAHARASHTRA,27,THANE,517,BHIWANDI,4590,KHAMBALE,194167,19.43097,73.14931,Khambale GP,1,19.2
MAHARASHTRA,27,THANE,517,BHIWANDI,4590,KHALING BU.,194166,19.38127,73.14822,Khaling GP,1,22.88
MAHARASHTRA,27,THANE,517,BHIWANDI,4590,KHADKI,194165,19.40211,72.98837,Khadki GP,1,29.76
MAHARASHTRA,27,THANE,517,BHIWANDI,4590,KEVANI,194164,19.27291,73.0059,Kevani GP,1,32.96
MAHARASHTRA,27,THANE,517,BHIWANDI,4590,KELHE,194163,19.47056,73.19564,Kelhe GP,1,31.36
MAHARASHTRA,27,THANE,517,BHIWANDI,4590,KAWAD,194162,19.35274,73.07695,Kawad KH GP,1,44.24
MAHARASHTRA,27,THANE,517,BHIWANDI,4590,KATAI,194161,19.3071,73.04594,Katai GP,1,103.36
MAHARASHTRA,27,THANE,517,BHIWANDI,4590,KASHELI,194160,19.23615,73.01462,Kasheli GP,1,40.32
MAHARASHTRA,27,THANE,517,BHIWANDI,4590,KASANE,194159,19.40366,73.23895,Kasane-GP,1,40.4
MAHARASHTRA,27,THANE,517,BHIWANDI,4590,KARIVALI,194158,19.29655,73.03951,Karivali GP,1,26.64
MAHARASHTRA,27,THANE,517,BHIWANDI,4590,KANDALI,194157,19.38849,73.23093,Kandali-GP,1,18.48
MAHARASHTRA,27,THANE,517,BHIWANDI,4590,KAMBE,194156,19.31121,73.03658,Kambe GSM BTS,1,27.68
MAHARASHTRA,27,THANE,517,BHIWANDI,4590,KALWAR,194155,19.28284,73.0257,Kalwa GP,1,20.56
MAHARASHTRA,27,THANE,517,BHIWANDI,4590,KALHER,194154,19.24679,73.01716,Kalher GP,1,14
MAHARASHTRA,27,THANE,517,BHIWANDI,4590,JOO-NANDURKHI,194153,19.31896,73.02625,Joonadurkhi GP,1,29.52
MAHARASHTRA,27,THANE,517,BHIWANDI,4590,GUNDAVALI,194152,19.25189,73.03785,Gundavali GP,1,10.72
MAHARASHTRA,27,THANE,517,BHIWANDI,4590,GOVE,194151,19.25177,73.08975,Gove GP,1,37.68
MAHARASHTRA,27,THANE,517,BHIWANDI,4590,GORSAI,194150,19.32524,73.07829,Gorsai GP,1,28.32
MAHARASHTRA,27,THANE,517,BHIWANDI,4590,GHOTGAON,194149,19.46511,73.04895,Ghotgaon GP,1,79.2
MAHARASHTRA,27,THANE,517,BHIWANDI,4590,GANESHAPURI,194148,19.50016,73.01297,Ganeshpuri GP,1,25.84
MAHARASHTRA,27,THANE,517,BHIWANDI,4590,GANE-PHIRANGPADA,194147,19.31504,72.99868,Gane GP,1,58.72
MAHARASHTRA,27,THANE,517,BHIWANDI,4590,EKSAL,194146,19.50927,73.15274,Eksal GP at Saigaon,1,14
MAHARASHTRA,27,THANE,517,BHIWANDI,4590,DUNGE,194145,19.28984,73.01433,Dunge GP,1,55.52
MAHARASHTRA,27,THANE,517,BHIWANDI,4590,DUGAD,194144,19.44004,73.06501,Gugad GP,1,24.24
MAHARASHTRA,27,THANE,517,BHIWANDI,4590,DUDHANI,194143,19.49084,73.16457,Dudhani GP at Vape,1,20.4
MAHARASHTRA,27,THANE,517,BHIWANDI,4590,DOHOLE,194142,19.37968,73.20827,Dohole GP,1,48.88
MAHARASHTRA,27,THANE,517,BHIWANDI,4590,DIVE-ANJUR,194141,19.22768,73.02996,Dive (Anjur) GP,1,30.56
MAHARASHTRA,27,THANE,517,BHIWANDI,4590,DIVE,194140,19.27218,73.00497,Dive (Kevani) GP,1,40.24
MAHARASHTRA,27,THANE,517,BHIWANDI,4590,DIGHASHI,194139,19.477,73.10594,Dighashi GP,1,41.2
MAHARASHTRA,27,THANE,517,BHIWANDI,4590,DAMANGAON,194138,19.34617,73.10404,Dhamangaon GP,1,43.68
MAHARASHTRA,27,THANE,517,BHIWANDI,4590,DAPODE,194137,19.24581,73.03915,Dapode GP,1,36.8
MAHARASHTRA,27,THANE,517,BHIWANDI,4590,DABHAD,194136,19.43884,73.13637,Dabhad GP,1,28.4
MAHARASHTRA,27,THANE,517,BHIWANDI,4590,CHINCHAVALI T.KUNDE,194135,19.49363,73.13241,Chinchavali GP,1,87.76
MAHARASHTRA,27,THANE,517,BHIWANDI,4590,KHANDPE,194134,19.35762,73.11709,Khandape GP at Chinchavali,1,42.08
MAHARASHTRA,27,THANE,517,BHIWANDI,4590,CHIMBIPADA,194133,19.37993,73.00594,Chimbipada GP,1,18.88
MAHARASHTRA,27,THANE,517,BHIWANDI,4590,CHAVE,194132,19.38653,73.10481,Chave GP,1,31.84
MAHARASHTRA,27,THANE,517,BHIWANDI,4590,CHANE,194131,19.44653,73.10364,Chane GP,1,23.12
MAHARASHTRA,27,THANE,517,BHIWANDI,4590,BORIVALI T.RAHUR,194130,19.37229,73.17657,Borivali Taraf Rahur GP,1,19.12
MAHARASHTRA,27,THANE,517,BHIWANDI,4590,BHOKARI,194129,19.39241,73.20251,Bhokari GP,1,22.08
MAHARASHTRA,27,THANE,517,BHIWANDI,4590,BHINAR,194128,19.3264,73.09256,Bhinar GP,1,73.28
MAHARASHTRA,27,THANE,517,BHIWANDI,4590,BHARODI,194127,19.21268,73.05084,Bharodi GP,1,18.88
MAHARASHTRA,27,THANE,517,BHIWANDI,4590,BHADANE,194126,19.35526,73.17786,Badhane GP,1,51.44
MAHARASHTRA,27,THANE,517,BHIWANDI,4590,BAPGAON,194125,19.28073,73.15109,Bapgaon GP at Devrung,1,33.52
MAHARASHTRA,27,THANE,517,BHIWANDI,4590,AAVLE,194124,19.43167,73.09159,Aavle GP,1,22.88
MAHARASHTRA,27,THANE,517,BHIWANDI,4590,ASNOLI,194123,19.42781,73.08072,Asnoli GP at Manivali,1,9.28
MAHARASHTRA,27,THANE,517,BHIWANDI,4590,ANJUR,194122,19.21401,73.03875,Anjur GP,1,32.16
MAHARASHTRA,27,THANE,517,BHIWANDI,4590,ANGAON,194121,19.37113,73.0799,Anagaon GP,1,50.8
MAHARASHTRA,27,THANE,517,BHIWANDI,4590,AMBADI,194120,19.4721,73.08861,Ambadi GP,1,25.76
MAHARASHTRA,27,THANE,517,BHIWANDI,4590,AMANE,194119,19.31568,73.15901,Amne GP,1,29.12
MAHARASHTRA,27,THANE,517,BHIWANDI,4590,ALIMGHAR,194118,19.20445,73.03581,Alimghar GP,1,81.6
MAHARASHTRA,27,THANE,517,BHIWANDI,4590,AKLOLI,194117,19.49487,73.03675,Akloli GP,1,78.16
Maharashtra,27,Thane,517,Vasai,4601,KHOCHIVADE,256473,19.34119,72.82472,Khochivad GP,2,82
Maharashtra,27,Thane,517,Vasai,4601,TARKHAD,256472,19.35995,72.79826,TARKHAD GP,2,31.04
Maharashtra,27,Thane,517,Vasai,4601,TIVARI,256471,19.36979,72.86195,TIVARI GP,2,34.8
Maharashtra,27,Thane,517,Vasai,4601,TOKARE,256470,19.47049,72.88039,TOKARE GP,2,23.52
Maharashtra,27,Thane,517,Vasai,4601,KHAARDI,256469,19.50547,72.87461,Khaardi GP,2,14.88
Maharashtra,27,Thane,517,Vasai,4601,VASALAI,256468,19.35995,72.79826,VASALAI GP,2,4.96
Maharashtra,27,Thane,517,Vasai,4601,RANGAV,256467,19.35995,72.79826,RANGAV GP,2,52.48
Maharashtra,27,Thane,517,Vasai,4601,TEMBHI,256466,19.4616,72.77899,TEMBHI GP,2,13.52
Maharashtra,27,Thane,517,Jawhar,4592,JAMASAR,255355,19.9677,73.23562,JAMASAR GP,2,37.36
Maharashtra,27,Thane,517,Jawhar,4592,BARWADPADA,255354,20.0586,73.15032,BARWADPADA GP,2,77.92
Maharashtra,27,Thane,517,Vikramghad,4602,WAKI,255353,19.7619,73.15613,Waki GP,2,350.56
Maharashtra,27,Thane,517,Vikramghad,4602,NAGZARI,255352,19.80676,73.09356,Nagzari GP,2,69.2
Maharashtra,27,Thane,517,Vikramghad,4602,MAN,255351,19.78263,73.08176,Man GP,2,93.52
Maharashtra,27,Thane,517,Vikramghad,4602,AMBIVALI,255350,19.72065,73.02553,Ambivali GP,2,31.84
Maharashtra,27,Thane,517,Shahapur,4597,ANDAD,255339,19.42142,73.34566,Andad-GP,2,231.6
Maharashtra,27,Thane,517,Shahapur,4597,CHARIV,255338,19.43306,73.5041,Chariv-GP,2,55.36
Maharashtra,27,Thane,517,Vasai,4601,USGAON,241517,19.46784,72.93078,USGAON GP,2,58.8
Maharashtra,27,Thane,517,Dahanu,4591,TADIYALE,241516,19.96536,72.70885,TADIYALE,2,71.04
Maharashtra,27,Thane,517,Dahanu,4591,POKHARAN,241512,19.94378,72.7013,POKHRAN,2,109.44
Maharashtra,27,Thane,517,Shahapur,4597,NANDVAL,241509,19.33745,73.42915,Nandval-GP,2,65.68
Maharashtra,27,Thane,517,Mokhada,4594,MORHANDA,241508,19.9585,73.40739,Morhanda-GP,2,49.52
Maharashtra,27,Thane,517,Vikramghad,4602,KARHE-TALAWALI,241500,19.90628,73.11436,GP at Talavli,2,46.48
Maharashtra,27,Thane,517,Shahapur,4597,KALBHONDE,241499,19.57769,73.5632,Kalbhonde-GP,2,28.64
Maharashtra,27,Thane,517,Dahanu,4591,GUNGWADA,241498,19.95354,72.68831,GUNGWADA,2,38.24
Maharashtra,27,Thane,517,Vikramghad,4602,BHOPOLI - GHANEGHAR,241497,19.76515,72.98866,Bhopoli GP,2,47.52
Maharashtra,27,Thane,517,Dahanu,4591,DHUMKET,241496,19.95271,72.72307,DHUMKET,2,29.92
Maharashtra,27,Thane,517,Dahanu,4591,D. DAHANU,241494,19.96579,72.70875,D. DAHANU,2,45.2
Maharashtra,27,Thane,517,Murbad,4595,BRAHMANGAON,241492,19.28665,73.36206,Bramangaon GP,2,19.84
Maharashtra,27,Thane,517,Vikramghad,4602,VIKRAMGAD,194974,19.7977,73.09434,Vikramgad GP,2,63.36
Maharashtra,27,Thane,517,Vikramghad,4602,WEHELPADA,194973,19.85154,73.1041,Wehelpada GP,2,70
Maharashtra,27,Thane,517,Vikramghad,4602,VEDHE,194972,19.78103,72.9924,Vedhe GP,2,66.4
Maharashtra,27,Thane,517,Vikramghad,4602,VASURI,194971,19.7021,73.075,Vasuri GP,2,45.92
Maharashtra,27,Thane,517,Vikramghad,4602,UTAVALI,194969,19.71267,73.10315,Utavli GP,2,38.08
Maharashtra,27,Thane,517,Vikramghad,4602,UPARALE,194968,19.79487,73.03526,Uprale GP,2,15.44
Maharashtra,27,Thane,517,Vikramghad,4602,TETAVALI,194967,19.78985,73.05551,Tetvali GP,2,24.88
Maharashtra,27,Thane,517,Vikramghad,4602,TALAWADA,194966,19.90727,73.01057,Talwade GP,2,27.28
Maharashtra,27,Thane,517,Vikramghad,4602,SUKSALE,194964,19.80842,73.11453,Suksale GP,2,67.52
Maharashtra,27,Thane,517,Vikramghad,4602,SARSHI,194963,19.90483,73.0289,Sarashi GP Barafpade,2,27.76
Maharashtra,27,Thane,517,Vikramghad,4602,SAVADE,194962,19.79086,73.07491,Savade GP,2,68.64
Maharashtra,27,Thane,517,Vikramghad,4602,SAKHARE,194961,19.8146,73.16875,Sakhare GP,2,49.6
Maharashtra,27,Thane,517,Vikramghad,4602,ONDE,194960,19.77326,73.09056,Onde GP,2,67.04
Maharashtra,27,Thane,517,Vikramghad,4602,MOHO BK.,194958,19.74486,73.05501,Moho BK GP,2,40.72
Maharashtra,27,Thane,517,Vikramghad,4602,MHASROLI,194957,19.73238,72.99635,Mhasroli GP,2,38.32
Maharashtra,27,Thane,517,Vikramghad,4602,MALWADA,194956,19.73162,73.152338,Malwada GP,2,27.28
Maharashtra,27,Thane,517,Vikramghad,4602,KARSUD,194954,19.81144,72.99517,Karsud GP,2,32
Maharashtra,27,Thane,517,Vikramghad,4602,KURNZE,194953,19.73152,73.01428,Kurnze GP,2,35.68
Maharashtra,27,Thane,517,Vikramghad,4602,KONDGOAN,194952,19.8098,72.97552,Kondgaon GP,2,78.64
Maharashtra,27,Thane,517,Vikramghad,4602,KHUDED,194951,19.8427,73.15807,Mahale pada at Khuded GP,2,54.72
Maharashtra,27,Thane,517,Vikramghad,4602,KHOSTE,194950,19.73606,73.13226,Khoste GP,2,32.24
Maharashtra,27,Thane,517,Vikramghad,4602,KHADAKI,194949,19.87956,73.02631,Khadki GP,2,25.28
Maharashtra,27,Thane,517,Vikramghad,4602,KEV,194948,19.72481,72.97818,Kev GP,2,20.16
Maharashtra,27,Thane,517,Vikramghad,4602,KEGAWA,194947,19.8373,73.09395,Kegawa GP at Balapur,2,98.64
Maharashtra,27,Thane,517,Vikramghad,4602,KASA BK.,194946,19.9197,73.04638,Kasa BK GP,2,25.12
Maharashtra,27,Thane,517,Vikramghad,4602,JAMBHA,194945,19.78316,73.15954,Jamba GP at Pochade,2,3.68
Maharashtra,27,Thane,517,Vikramghad,4602,INDGOAN,194944,19.69915,73.04786,Indgaon GP,2,22.88
Maharashtra,27,Thane,517,Vikramghad,4602,DOLHARI KH.,194943,19.8216,73.05632,Dolhari KH GP,2,56.24
Maharashtra,27,Thane,517,Vikramghad,4602,DOLHARI BK.,194942,19.83351,73.02879,Dolhari BK GP,2,25.12
Maharashtra,27,Thane,517,Vikramghad,4602,DEHARJE,194941,19.77147,73.05591,Deherje GP,2,32.88
Maharashtra,27,Thane,517,Vikramghad,4602,DADADE,194940,19.84623,73.04383,Dadade GP,2,51.44
Maharashtra,27,Thane,517,Vikramghad,4602,CHINCHGHAR,194939,19.76744,73.00265,Pachmad chinchaghar,2,48.64
Maharashtra,27,Thane,517,Vikramghad,4602,CHABKE TALAWALI,194938,19.78866,72.97978,Talavali GP,2,33.76
Maharashtra,27,Thane,517,Vikramghad,4602,BORANDE,194937,19.75258,72.96725,Borande GP,2,39.52
Maharashtra,27,Thane,517,Vikramghad,4602,BANDHAN,194935,19.78535,73.03889,Bandhan GP,2,60.64
Maharashtra,27,Thane,517,Vikramghad,4602,ALONDE,194933,19.7327,73.07539,Alonde GP,2,113.84
Maharashtra,27,Thane,517,Vikramghad,4602,AMBEGHAR TARFE DHARAMPUR,194932,19.93521,73.05523,Ambeghar GP at Dhamani,2,44.32
Maharashtra,27,Thane,517,Vasai,4601,TILHAR,194925,19.42507,72.97189,TILHAR GP,2,54.56
Maharashtra,27,Thane,517,Vasai,4601,SHIVANSAI,194924,19.47024,72.91858,SHIVANSAI GP,2,31.2
Maharashtra,27,Thane,517,Vasai,4601,SHIRAVLI,194923,19.45955,72.95544,SHIRVALI GP,2,9.04
Maharashtra,27,Thane,517,Vasai,4601,SAIVAN,194921,19.48059,72.98588,SAIVAN GP,2,21.44
Maharashtra,27,Thane,517,Vasai,4601,SATPALE,194920,19.43206,72.77859,SATPALE GP,2,20.16
Maharashtra,27,Thane,517,Vasai,4601,SAKVAR,194915,19.5458,72.91905,SAKVAR GP,2,32.64
Maharashtra,27,Thane,517,Vasai,4601,POMAN,194913,19.34581,72.92014,POMAN GP,2,35.12
Maharashtra,27,Thane,517,Vasai,4601,PAROL,194911,19.45945,72.94579,PAROL GP,2,13.12
Maharashtra,27,Thane,517,Vasai,4601,PALI,194909,19.34459,72.83492,PALI GP,2,24.08
Maharashtra,27,Thane,517,Vasai,4601,NAGLE,194904,19.31131,72.94638,NAGLE GP,2,17.44
Maharashtra,27,Thane,517,Vasai,4601,MEDHE-VADGHAR,194902,19.49745,72.97929,Medhe GP,2,58.88
Maharashtra,27,Thane,517,Vasai,4601,MALJIPADA,194899,19.32681,72.88817,Juchandra GP,2,20.8
Maharashtra,27,Thane,517,Vasai,4601,MAJIVLI-DEPIVLI,194898,19.44376,72.95866,PAROL GP,2,46.8
Maharashtra,27,Thane,517,Vasai,4601,KHANIVDE,194893,19.49655,72.91124,Khanivde GP,2,34.64
Maharashtra,27,Thane,517,Vasai,4601,KARANJON,194887,19.44569,72.97063,Karajon GP,2,15.12
Maharashtra,27,Thane,517,Vasai,4601,KALAMB,194883,19.40214,72.76778,Kalamb GP,2,23.12
Maharashtra,27,Thane,517,Vasai,4601,CHANDRAPADA,194871,19.35882,72.88081,Chandrap GP,2,9.6
Maharashtra,27,Thane,517,Vasai,4601,BHATANE-NABSAI,194865,19.48484,72.92889,Bhatane GP,2,52.96
Maharashtra,27,Thane,517,Vasai,4601,ARNALA-KILLA,194863,19.46131,72.74526,ArnalaKilla GP,2,54.48
Maharashtra,27,Thane,517,Vasai,4601,ARNALA,194862,19.45669,72.74811,ARNALA GP,2,39.76
Maharashtra,27,Thane,517,Vasai,4601,AADNE,194860,19.47361,72.95214,AADNEGP,2,61.28
Maharashtra,27,Thane,517,Shahapur,4597,VARSKAOL,194837,19.60206,73.38309,Varskaol-GP,2,22.48
Maharashtra,27,Thane,517,Shahapur,4597,VALSHET,194836,19.42304,73.30653,Valshet-GP,2,74.56
Maharashtra,27,Thane,517,Shahapur,4597,VAFE,194835,19.44526,73.33752,Vafe-GP,2,116.08
Maharashtra,27,Thane,517,Shahapur,4597,VIHIGAON,194834,19.70996,73.47803,Vihigaon-GP,2,102.32
Maharashtra,27,Thane,517,Shahapur,4597,VELUK,194833,19.58748,73.47406,Veluk-GP,2,54.88
Maharashtra,27,Thane,517,Shahapur,4597,VEHALOLI BU.,194831,19.445,73.48769,Vehaloli BU-GP,2,56.4
Maharashtra,27,Thane,517,Shahapur,4597,VEHALOLI VA,194830,19.41234,73.29612,Vehaloli VA-GP,2,49.44
Maharashtra,27,Thane,517,Shahapur,4597,VASIND,194829,19.40753,73.26552,Vasind-GP,2,10.72
Maharashtra,27,Thane,517,Shahapur,4597,VASHALE BU,194828,19.59333,73.50916,Vashale BU-GP,2,28.88
Maharashtra,27,Thane,517,Shahapur,4597,VANDRE,194827,19.48276,73.21552,Vandre-GP,2,5.2
Maharashtra,27,Thane,517,Shahapur,4597,UMBHRAI,194826,19.39024,73.46764,Umbhrai-GP,2,25.76
Maharashtra,27,Thane,517,Shahapur,4597,UMBARKHAND,194825,19.56812,73.36833,Umbarkhand-GP,2,6.8
Maharashtra,27,Thane,517,Shahapur,4597,THUNE,194823,19.41798,73.48415,Thune-GP,2,47.28
Maharashtra,27,Thane,517,Shahapur,4597,TEMBHARE,194822,19.34058,73.35765,Tembhare-GP,2,29.2
Maharashtra,27,Thane,517,Shahapur,4597,TEMBHA,194821,19.65172,73.30407,Tembha-GP,2,19.68
Maharashtra,27,Thane,517,Shahapur,4597,TALVADE,194820,19.52842,73.57958,Talvade-GP,2,16.72
Maharashtra,27,Thane,517,Shahapur,4597,TAHARPUR,194819,19.54742,73.22871,Taharpur-GP,2,57.52
Maharashtra,27,Thane,517,Shahapur,4597,SARLAMBE,194818,19.47509,73.38699,Sarlambe-GP,2,37.36
Maharashtra,27,Thane,517,Shahapur,4597,SOGAON,194817,19.3458,73.56119,Sogaon-GP,2,38
Maharashtra,27,Thane,517,Shahapur,4597,SHIRVANJE,194816,19.34225,73.50879,Shirvanje-GP,2,41.84
Maharashtra,27,Thane,517,Shahapur,4597,SHIROL,194815,19.632,73.41322,Shirol-GP,2,34.72
Maharashtra,27,Thane,517,Shahapur,4597,SHIRGAON,194814,19.40538,73.38968,Shirgaon-GP,2,13.12
Maharashtra,27,Thane,517,Shahapur,4597,SHERE,194813,19.369,73.30571,Shere-GP,2,67.12
Maharashtra,27,Thane,517,Shahapur,4597,SHENVA,194812,19.44224,73.45062,Shenva-GP,2,72
Maharashtra,27,Thane,517,Shahapur,4597,SHELAVALI BA.,194811,19.34666,73.45633,Shelavali-BA-GP,2,37.44
Maharashtra,27,Thane,517,Shahapur,4597,SHEI,194810,19.35834,73.30913,Shei-GP,2,58.08
Maharashtra,27,Thane,517,Shahapur,4597,SHIL,194809,19.34154,73.47336,Shil-GP,2,22.08
Maharashtra,27,Thane,517,Shahapur,4597,SHELAVLI KHU,194807,19.44313,73.38778,Shelavli-KHU-GP,2,41.04
Maharashtra,27,Thane,517,Shahapur,4597,SHAHAPUR,194806,19.4524,73.32626,Shahapur-GP,2,19.44
Maharashtra,27,Thane,517,Shahapur,4597,SAVROLI SO.,194805,19.37049,73.55121,Savroli SO-GP,2,68.64
Maharashtra,27,Thane,517,Shahapur,4597,SAVROLI- BU,194804,19.45752,73.30553,Savroli BU-GP,2,25.76
Maharashtra,27,Thane,517,Shahapur,4597,SATHAGAON,194803,19.45047,73.43904,Sathagaon-GP,2,23.52
Maharashtra,27,Thane,517,Shahapur,4597,SARANGPURI,194802,19.48284,73.42909,Sarangpuri-GP,2,51.76
Maharashtra,27,Thane,517,Shahapur,4597,SAPGAON,194801,19.44657,73.35606,Sapgaon-GP,2,55.92
Maharashtra,27,Thane,517,Shahapur,4597,SANE,194800,19.39213,73.25056,Sane-GP,2,84.48
Maharashtra,27,Thane,517,Shahapur,4597,SAKURLI,194799,19.4788,73.61459,Sakurli-GP,2,18.24
Maharashtra,27,Thane,517,Shahapur,4597,SAKADBAV,194798,19.51802,73.50184,Sakadbav-GP,2,27.44
Maharashtra,27,Thane,517,Shahapur,4597,RANVIHIR,194797,19.49,73.56198,Ranvihir-GP,2,19.12
Maharashtra,27,Thane,517,Shahapur,4597,PIVALI,194796,19.49415,73.20888,Pivali-GP,2,22.56
Maharashtra,27,Thane,517,Shahapur,4597,PASHANE,194795,19.40631,73.30312,Pashane-GP,2,41.6
Maharashtra,27,Thane,517,Shahapur,4597,NADGAON JA,194794,19.41014,73.37117,Nadgaonja-GP,2,40
Maharashtra,27,Thane,517,Shahapur,4597,NADGAON SO,194793,19.33525,73.55379,NadgaonSO-GP,2,34.64
Maharashtra,27,Thane,517,Shahapur,4597,MUSAI,194792,19.45467,73.45903,Musai-GP,2,52.24
Maharashtra,27,Thane,517,Shahapur,4597,MUGAON,194791,19.37549,73.45595,Mugaon-GP,2,45.44
Maharashtra,27,Thane,517,Shahapur,4597,MOKHAVNE,194790,19.64462,73.47493,Mokhavne-GP,2,92.16
Maharashtra,27,Thane,517,Shahapur,4597,MOHILI,194789,19.55296,73.24288,Mohili-GP,2,28.72
Maharashtra,27,Thane,517,Shahapur,4597,MASAVNE,194788,19.35806,73.33731,Masavne-GP,2,24.24
Maharashtra,27,Thane,517,Shahapur,4597,MANJRE,194787,19.44093,73.59307,Manjre-GP,2,83.44
Maharashtra,27,Thane,517,Shahapur,4597,MANEKHIND,194786,19.41518,73.53647,Manekhind-GP,2,96
Maharashtra,27,Thane,517,Shahapur,4597,MALEGAON,194785,19.42088,73.4599,Malegaon-GP,2,130.4
Maharashtra,27,Thane,517,Shahapur,4597,MAL,194784,19.69174,73.45979,Mal-GP,2,214.08
Maharashtra,27,Thane,517,Shahapur,4597,MADH,194783,19.32407,73.28497,Madh-GP,2,82.56
Maharashtra,27,Thane,517,Shahapur,4597,LENAD BU.,194782,19.37658,73.36485,Lenad bu-GP,2,61.44
Maharashtra,27,Thane,517,Shahapur,4597,LAVLE,194781,19.41905,73.49391,Lavle-GP,2,35.52
Maharashtra,27,Thane,517,Shahapur,4597,LAHE,194780,19.54002,73.3658,Lahe-GP,2,26.16
Maharashtra,27,Thane,517,Shahapur,4597,KOTHARE,194779,19.51125,73.47106,Kothare-GP,2,38.96
Maharashtra,27,Thane,517,Shahapur,4597,KOTHALE,194778,19.577,73.56277,Kothale-GP,2,52.64
Maharashtra,27,Thane,517,Shahapur,4597,KINHAVLI,194777,19.35273,73.47938,Kinhavli-GP,2,59.92
Maharashtra,27,Thane,517,Shahapur,4597,KHUTGHAR,194776,19.4374,73.34998,Khutghar-GP,2,68.8
Maharashtra,27,Thane,517,Shahapur,4597,KHATIVALI,194775,19.41295,73.27776,Khativati-GP,2,50.4
Maharashtra,27,Thane,517,Shahapur,4597,KHARIVALI,194774,19.46994,73.36743,Kharivali-GP,2,38.64
Maharashtra,27,Thane,517,Shahapur,4597,KHARIVALI SO.,194773,19.35502,73.52422,Kharivali SO-GP,2,66.16
Maharashtra,27,Thane,517,Shahapur,4597,KHARID,194772,19.39212,73.50677,Kharid-GP,2,65.44
Maharashtra,27,Thane,517,Shahapur,4597,KHARDI,194771,19.58712,73.3849,Khardi-GP,2,22.32
Maharashtra,27,Thane,517,Shahapur,4597,KHARADE,194770,19.46165,73.52753,Kharade-GP,2,22.4
Maharashtra,27,Thane,517,Shahapur,4597,KASARA KHU.,194769,19.66842,73.50036,Kasara khu-GP,2,30.4
Maharashtra,27,Thane,517,Shahapur,4597,KANAVE,194767,19.38389,73.48495,Kanava-GP,2,67.52
Maharashtra,27,Thane,517,Shahapur,4597,KANDI,194766,19.36617,73.52787,Kandi-GP,2,24.56
Maharashtra,27,Thane,517,Shahapur,4597,KALGAON,194765,19.33118,73.39522,Kalgaon-GP,2,19.04
Maharashtra,27,Thane,517,Shahapur,4597,KALMGAON,194764,19.53416,73.34047,Kalmgaon-GP,2,112
Maharashtra,27,Thane,517,Shahapur,4597,JAMBHULVAD,194763,19.5093,73.55109,Jambhulvad-GP,2,26.64
Maharashtra,27,Thane,517,Shahapur,4597,HIV,194762,19.41116,73.33717,Hiv-GP,2,81.76
Maharashtra,27,Thane,517,Shahapur,4597,GUNDE,194761,19.46698,73.63098,Gunde-GP,2,58.96
Maharashtra,27,Thane,517,Shahapur,4597,GOTHEGHAR,194760,19.45513,73.33057,Gotheghar-GP,2,50.72
Maharashtra,27,Thane,517,Shahapur,4597,GEGAON,194759,19.34668,73.4342,Gegaon-GP,2,32
Maharashtra,27,Thane,517,Shahapur,4597,FUGALE,194758,19.61887,73.55276,Fugale-GP,2,12.48
Maharashtra,27,Thane,517,Shahapur,4597,DOLKHAMB,194757,19.48772,73.58744,Dolkhamb-GP,2,39.04
Maharashtra,27,Thane,517,Shahapur,4597,DHASAI,194756,19.43882,73.40479,Dhasai-GP,2,17.36
Maharashtra,27,Thane,517,Shahapur,4597,DHAMNI,194755,19.5976,73.39539,Dhamni-GP,2,59.04
Maharashtra,27,Thane,517,Shahapur,4597,DHAKNE,194754,19.57781,73.52985,Dhakne-GP,2,23.84
Maharashtra,27,Thane,517,Shahapur,4597,DAHIVALI,194753,19.3295,73.37513,Dahivali-GP,2,53.76
Maharashtra,27,Thane,517,Shahapur,4597,DHADHRE,194752,19.40439,73.55233,Dhadhre-GP,2,120.96
Maharashtra,27,Thane,517,Shahapur,4597,DALKHAN,194751,19.57701,73.39513,Dalkhan-GP,2,36.08
Maharashtra,27,Thane,517,Shahapur,4597,DAHAGAON,194750,19.42175,73.26035,Dahagaon-GP,2,22.16
Maharashtra,27,Thane,517,Shahapur,4597,DHARAGAON,194749,19.58712,73.3849,Dharagaon-GP,2,73.44
Maharashtra,27,Thane,517,Shahapur,4597,CHONDHE BU.,194748,19.51217,73.6289,Chondhe-GP,2,45.84
Maharashtra,27,Thane,517,Shahapur,4597,CHIKHALGAON,194747,19.35835,73.50444,Chikhalga-GP,2,24.24
Maharashtra,27,Thane,517,Shahapur,4597,CHERPOLI,194746,19.46357,73.33576,Cherpoli-GP,2,56.48
Maharashtra,27,Thane,517,Shahapur,4597,BORSHETI,194744,19.44817,73.32276,Borsheti-GP,2,76.08
Maharashtra,27,Thane,517,Shahapur,4597,BIRVADI,194743,19.52083,73.37683,Birvadi-GP,2,44.24
Maharashtra,27,Thane,517,Shahapur,4597,BHAVSE,194742,19.5427,73.24727,Bhavse-GP,2,21.2
Maharashtra,27,Thane,517,Shahapur,4597,BHATSAI,194741,19.38814,73.28358,Bhatsai-GP,2,30.48
Maharashtra,27,Thane,517,Shahapur,4597,BABHALE,194740,19.35718,73.46918,Babhare-GP,2,36.8
Maharashtra,27,Thane,517,Shahapur,4597,BEDISGAON,194739,19.40483,73.46667,Bedisgaon-GP,2,13.44
Maharashtra,27,Thane,517,Shahapur,4597,AWARE,194738,19.47419,73.34596,Aware-GP,2,28.08
Maharashtra,27,Thane,517,Shahapur,4597,AVALE,194737,19.46063,73.2869,Avale-GP,2,55.12
Maharashtra,27,Thane,517,Shahapur,4597,ATGAON,194736,19.50286,73.32754,Atgaon-GP,2,33.68
Maharashtra,27,Thane,517,Shahapur,4597,ASNOLI,194735,19.37097,73.43907,Asnoli-GP,2,22.32
Maharashtra,27,Thane,517,Shahapur,4597,ASANGAON,194734,19.44071,73.30855,Asangaon-GP,2,36.8
Maharashtra,27,Thane,517,Shahapur,4597,APTE,194733,19.39933,73.53137,Apte-GP,2,23.68
Maharashtra,27,Thane,517,Shahapur,4597,AMBARJE,194731,19.3394,73.3072,Ambarje-GP,2,20.88
Maharashtra,27,Thane,517,Shahapur,4597,ALYANI,194730,19.35253,73.40681,Alyani-GP,2,14.08
Maharashtra,27,Thane,517,Shahapur,4597,AJNUP,194729,19.651,73.37642,Ajnup-GP,2,44.24
Maharashtra,27,Thane,517,Shahapur,4597,AGHAI,194728,19.56258,73.23876,Aghai-GP,2,63.92
Maharashtra,27,Thane,517,Murbad,4595,ZADGHAR,194579,19.32154,73.63409,Zadghar GP,2,18.16
Maharashtra,27,Thane,517,Murbad,4595,WAGHIVALI,194578,19.27204,73.34063,Waghivali GP,2,40.88
Maharashtra,27,Thane,517,Murbad,4595,VIDHE,194577,19.236,73.49,Vidhe GP,2,36.96
Maharashtra,27,Thane,517,Murbad,4595,VELUK,194576,19.4465,73.61105,Veluk GP,2,81.6
Maharashtra,27,Thane,517,Murbad,4595,WANJALE,194575,19.25606,73.35355,Wanjale Phata,2,45.84
Maharashtra,27,Thane,517,Murbad,4595,WALHIVARE,194574,19.36289,73.73219,Walivare GP,2,22.88
Maharashtra,27,Thane,517,Murbad,4595,VAISHAKHARE,194573,19.30569,73.62707,Vaishakhare GP,2,47.2
Maharashtra,27,Thane,517,Murbad,4595,WADAVALI,194572,19.29521,73.48119,Wadwali GP,2,50.48
Maharashtra,27,Thane,517,Murbad,4595,UMBROLI(BK),194571,19.23017,73.57548,Umborli BK gp,2,28
Maharashtra,27,Thane,517,Murbad,4595,UMBROLI(KHURD),194570,19.29136,73.57063,Umroli Gp,2,69.68
Maharashtra,27,Thane,517,Murbad,4595,UCHALE,194569,19.1951,73.52277,Uchale GP,2,46.32
Maharashtra,27,Thane,517,Murbad,4595,TULAI,194568,19.21589,73.50875,Tulai GP,2,47.44
Maharashtra,27,Thane,517,Murbad,4595,TONDALI,194567,19.19394,73.43338,Tondali GP,2,28.64
Maharashtra,27,Thane,517,Murbad,4595,TOKAWADE,194566,19.3084,73.60043,Tokwade GP,2,41.68
Maharashtra,27,Thane,517,Murbad,4595,TEMBHARE(BK),194565,19.27678,73.4166,Tembhare GP,2,26
Maharashtra,27,Thane,517,Murbad,4595,TALEGOAN,194564,19.39074,73.63529,Talegaon GP,2,56.16
Maharashtra,27,Thane,517,Murbad,4595,TALAVALI (BARA),194563,19.30278,73.60847,Talavali GP,2,53.68
Maharashtra,27,Thane,517,Murbad,4595,SONGAON,194562,19.26268,73.6352,Songaon GP,2,28.72
Maharashtra,27,Thane,517,Murbad,4595,SONAWALE,194561,19.26205,73.64201,Sonawale GP,2,35.52
Maharashtra,27,Thane,517,Murbad,4595,SINGAPUR,194560,19.28598,73.63797,Singapur GP,2,34
Maharashtra,27,Thane,517,Murbad,4595,SHIWALE,194559,19.26998,73.45669,Shiwale GP,2,31.36
Maharashtra,27,Thane,517,Murbad,4595,SHIROSHI,194558,19.39963,73.60875,Shirshi GP,2,21.36
Maharashtra,27,Thane,517,Murbad,4595,SHIRGAON,194557,19.2652,73.38993,Shirgaon GP,2,15.76
Maharashtra,27,Thane,517,Murbad,4595,SHIRVALI,194556,19.22554,73.41505,Shirvali GP,2,14.24
Maharashtra,27,Thane,517,Murbad,4595,SHIDGAON,194555,19.31641,73.3442,Shidgaon GP,2,22.4
Maharashtra,27,Thane,517,Murbad,4595,SHELGOAN,194554,19.41269,73.62183,shelgaon GP,2,40.72
Maharashtra,27,Thane,517,Murbad,4595,SHELARI,194553,19.22112,73.45557,Shelari GP,2,49.04
Maharashtra,27,Thane,517,Murbad,4595,SAYALE,194552,19.29412,73.55341,sayle GP,2,36.64
Maharashtra,27,Thane,517,Murbad,4595,SASANE,194551,19.19854,73.43289,Sasane GP,2,18.96
Maharashtra,27,Thane,517,Murbad,4595,SARALGOAN,194550,19.28435,73.49355,Saralgaon GP,2,26.96
Maharashtra,27,Thane,517,Murbad,4595,SAKURLI,194548,19.18867,73.49392,Sakurli GP,2,32.4
Maharashtra,27,Thane,517,Murbad,4595,SAKHARE,194547,19.31845,73.5362,Sakhare GP,2,39.12
Maharashtra,27,Thane,517,Murbad,4595,SAJAI,194546,19.24964,73.3968,Sajai GP,2,19.36
Maharashtra,27,Thane,517,Murbad,4595,RAMPUR,194545,19.24293,73.61461,Rampur GP,2,30
Maharashtra,27,Thane,517,Murbad,4595,POTGAON,194544,19.25276,73.32138,Potgaon GP,2,12
Maharashtra,27,Thane,517,Murbad,4595,PENDHARI,194543,19.29122,73.62211,Pendhari GP,2,20.48
Maharashtra,27,Thane,517,Murbad,4595,PAWALE,194542,19.29815,73.41459,Pawale GP,2,28.8
Maharashtra,27,Thane,517,Murbad,4595,PATGAON,194541,19.14911,73.42058,Patgaon GP,2,73.28
Maharashtra,27,Thane,517,Murbad,4595,PARHE,194540,19.261,73.56604,Parhe GP,2,19.84
Maharashtra,27,Thane,517,Murbad,4595,PALU,194539,19.29815,73.41459,Palu GP,2,25.28
Maharashtra,27,Thane,517,Murbad,4595,OJIWALE,194538,19.2649,73.59174,Ojiwali GP,2,16.88
Maharashtra,27,Thane,517,Murbad,4595,NYAHADI,194537,19.34935,73.68838,Nyahadi GP,2,23.6
Maharashtra,27,Thane,517,Murbad,4595,NHAVE,194536,19.19854,73.43289,Nhave GP,2,22.64
Maharashtra,27,Thane,517,Murbad,4595,NARIVALI,194535,19.19407,73.50766,Narivali GP,2,53.44
Maharashtra,27,Thane,517,Murbad,4595,NANDGOAN,194534,19.27837,73.52831,Nadgaon GP,2,23.68
Maharashtra,27,Thane,517,Murbad,4595,NAGAON,194533,19.27193,73.50112,ZP school,2,15.2
Maharashtra,27,Thane,517,Murbad,4595,NADHAI,194532,19.26648,73.42483,Nadhai GP,2,12.88
Maharashtra,27,Thane,517,Murbad,4595,MURBAD,194531,19.258222,73.38868,Murbad GP,2,88.88
Maharashtra,27,Thane,517,Murbad,4595,MOROSHI,194530,19.33477,73.69573,Moroshi Samaj Mandir,2,64.32
Maharashtra,27,Thane,517,Murbad,4595,MOHAP,194529,19.27492,73.47739,Mohap GP,2,56.88
Maharashtra,27,Thane,517,Murbad,4595,MOHGHAR,194528,19.17385,73.41912,Mohghar GP,2,22.4
Maharashtra,27,Thane,517,Murbad,4595,MILHE,194527,19.21303,73.56198,Milhe GP,2,14.64
Maharashtra,27,Thane,517,Murbad,4595,MHASA,194526,19.17679,73.43694,Mhasa GP,2,28.72
Maharashtra,27,Thane,517,Murbad,4595,MHADAS,194525,19.21007,73.46619,Mhadas GP,2,46.88
Maharashtra,27,Thane,517,Murbad,4595,MERDI,194524,19.38236,73.69884,Merdi GP,2,37.2
Maharashtra,27,Thane,517,Murbad,4595,MASALE,194523,19.24494,73.37371,Masale GP,2,22.08
Maharashtra,27,Thane,517,Murbad,4595,MANIVALI(SHID),194522,19.22349,73.47656,Manivali (shid) GP,2,28.4
Maharashtra,27,Thane,517,Murbad,4595,MANIVALI(KHURD),194521,19.26739,73.52739,Manivali GP,2,32.16
Maharashtra,27,Thane,517,Murbad,4595,MANIVALI(BK),194520,19.32579,73.45199,Manivali GP,2,15.84
Maharashtra,27,Thane,517,Murbad,4595,MALHED,194519,19.28717,73.44712,Malhed GP,2,22.64
Maharashtra,27,Thane,517,Murbad,4595,MAL,194518,19.38277,73.60471,Mal GP,2,30.8
Maharashtra,27,Thane,517,Murbad,4595,MAJGAON,194517,19.25829,73.51532,Majgaon GP,2,31.84
Maharashtra,27,Thane,517,Murbad,4595,MAHAJ,194516,19.24461,73.57887,Mahaj GP,2,41.28
Maharashtra,27,Thane,517,Murbad,4595,MADH,194515,19.24042,73.60239,Madh GP,2,21.6
Maharashtra,27,Thane,517,Murbad,4595,KUDAVALI,194514,19.28213,73.39144,Kudavali GP,2,21.44
Maharashtra,27,Thane,517,Murbad,4595,KONDESAKHARE,194513,19.25872,73.46513,Kondesakhare GP,2,35.2
Maharashtra,27,Thane,517,Murbad,4595,KOLTHAN,194512,19.31629,73.4338,Kolthan GP,2,25.36
Maharashtra,27,Thane,517,Murbad,4595,KOLOSHI,194511,19.21599,73.56483,KoloshiGP,2,147.2
Maharashtra,27,Thane,517,Murbad,4595,KISHOR,194510,19.25598,73.34352,Kishor GP,2,22
Maharashtra,27,Thane,517,Murbad,4595,KISAL,194509,19.30206,73.55401,Kisal GP,2,14.32
Maharashtra,27,Thane,517,Murbad,4595,KHUTAL(BARA),194508,19.35516,73.66357,Khutal GP,2,16.32
Maharashtra,27,Thane,517,Murbad,4595,KHOPIWALI,194507,19.2072,73.54822,Khopiwali GP,2,15.52
Maharashtra,27,Thane,517,Murbad,4595,KHEWARE,194506,19.24461,73.57887,Kheware GP,2,15.12
Maharashtra,27,Thane,517,Murbad,4595,KHADALE,194505,19.26041,73.54595,Khadale ZP School,2,45.44
Maharashtra,27,Thane,517,Murbad,4595,KHATEGHAR,194504,19.2775,73.44138,Khatghar GP,2,29.04
Maharashtra,27,Thane,517,Murbad,4595,KHAPARI,194503,19.326,73.58697,Khapri GP,2,44
Maharashtra,27,Thane,517,Murbad,4595,KHANIVARE,194502,19.17317,73.4952,Khanivare GP,2,16
Maharashtra,27,Thane,517,Murbad,4595,KHANDARE,194501,19.23655,73.4721,Khandare GP,2,38.8
Maharashtra,27,Thane,517,Murbad,4595,KHANDAPE,194500,19.31095,73.45731,KhandpeGP,2,17.52
Maharashtra,27,Thane,517,Murbad,4595,KEDURLI,194499,19.19863,73.43601,Kedurli GP,2,25.68
Maharashtra,27,Thane,517,Murbad,4595,KASGAON,194498,19.312335,73.51259,Kasgaon GP,2,19.6
Maharashtra,27,Thane,517,Murbad,4595,KORAVALE,194497,19.24959,73.47782,Koravale GP,2,30.8
Maharashtra,27,Thane,517,Murbad,4595,KARCHONDE,194496,19.31349,73.61259,Harchonde GP,2,30.96
Maharashtra,27,Thane,517,Murbad,4595,KARVALE,194495,19.2932,73.33643,Karavale GP,2,15.2
Maharashtra,27,Thane,517,Murbad,4595,KANHARLE,194493,19.25829,73.51532,Kanharle GP,2,30.88
Maharashtra,27,Thane,517,Murbad,4595,KALAMKHAND,194492,19.26198,73.60031,Kalambhad GP,2,45.28
Maharashtra,27,Thane,517,Murbad,4595,KALMBHE,194491,19.22326,73.52136,Kalmbhe GP,2,34.24
Maharashtra,27,Thane,517,Murbad,4595,KALAMBHAD(BHO),194490,19.26198,73.60031,Kalambhad GP,2,46.8
Maharashtra,27,Thane,517,Murbad,4595,KACHKOLI,194489,19.17559,73.43703,Kachkoli GP,2,27.68
Maharashtra,27,Thane,517,Murbad,4595,JAMBHURDE,194488,19.15891,73.49126,Jamburde GP,2,20.64
Maharashtra,27,Thane,517,Murbad,4595,JADAI,194487,19.37859,73.62988,Jadai GP,2,20.48
Maharashtra,27,Thane,517,Murbad,4595,INDE,194486,19.28439,73.55606,Inde GP,2,23.28
Maharashtra,27,Thane,517,Murbad,4595,GAWALI,194485,19.17174,73.47482,Gawali GP,2,18
Maharashtra,27,Thane,517,Murbad,4595,FANSOLI,194484,19.2557,73.38921,Fansoli GP,2,36.16
Maharashtra,27,Thane,517,Murbad,4595,FANGLOSHI,194482,19.38926,73.65887,Fangoshi GP,2,22
Maharashtra,27,Thane,517,Murbad,4595,EKLAHARE,194481,19.30708,73.61578,Eklahre GP,2,12.16
Maharashtra,27,Thane,517,Murbad,4595,DONGARENHAWE,194480,19.14945,73.47494,Dongernave GP,2,19.04
Maharashtra,27,Thane,517,Murbad,4595,DHASAI,194479,19.262,73.60836,Dhasai GP,2,41.44
Maharashtra,27,Thane,517,Murbad,4595,DEVAPE,194477,19.25581,73.37302,Devpe GP,2,30.64
Maharashtra,27,Thane,517,Murbad,4595,DEVGAON,194476,19.25685,73.37701,Devgaon GP,2,26
Maharashtra,27,Thane,517,Murbad,4595,DEHNOLI,194475,19.2773,73.44138,Dehnoli GP,2,14.48
Maharashtra,27,Thane,517,Murbad,4595,DEHARI,194474,19.20281,73.53259,Dehari GP,2,13.76
Maharashtra,27,Thane,517,Murbad,4595,CHAFE,194473,19.26371,73.62782,Chafe GP,2,19.76
Maharashtra,27,Thane,517,Murbad,4595,DAHIGAON,194472,19.22873,73.45128,Dahigaon GP,2,96.8
Maharashtra,27,Thane,517,Murbad,4595,CHIRAD,194471,19.15929,73.45895,Charad GP,2,40.56
Maharashtra,27,Thane,517,Murbad,4595,CHIKHALE,194470,19.31641,73.3442,Chikale GP,2,52
Maharashtra,27,Thane,517,Murbad,4595,CHASOLE,194469,19.34017,73.63179,Chasole GP,2,26
Maharashtra,27,Thane,517,Murbad,4595,BURSUNGE,194468,19.43063,73.6037,Bursunge GP,2,81.84
Maharashtra,27,Thane,517,Murbad,4595,BORGAON,194467,19.32099,73.49039,Borgaon GP,2,69.36
Maharashtra,27,Thane,517,Murbad,4595,BHUVAN,194466,19.25093,73.43387,Bhavan GP,2,8.88
Maharashtra,27,Thane,517,Murbad,4595,BHORADE,194465,19.28698,73.63212,Borande GP,2,65.68
Maharashtra,27,Thane,517,Murbad,4595,BHALUK,194464,19.32521,73.41038,Bhaluk GP,2,39.2
Maharashtra,27,Thane,517,Murbad,4595,BHADANE,194463,19.31179,73.47525,Bhadane GP,2,71.44
Maharashtra,27,Thane,517,Murbad,4595,BANDHIVALI,194462,19.20004,73.48948,Bandivali GP,2,50.72
Maharashtra,27,Thane,517,Murbad,4595,BALEGOAN,194461,19.29266,73.57121,Balegaon GP,2,14.08
Maharashtra,27,Thane,517,Murbad,4595,ASOSE,194460,19.30574,73.32801,Asose GP,2,17.76
Maharashtra,27,Thane,517,Murbad,4595,ASKOT,194459,19.31965,73.50692,Askot GP,2,37.2
Maharashtra,27,Thane,517,Murbad,4595,ASOLE,194458,19.30574,73.34352,Asole GP,2,22.56
Maharashtra,27,Thane,517,Murbad,4595,AMBETEMBHE,194457,19.15205,73.46849,Ambetembe ZP School,2,26.88
Maharashtra,27,Thane,517,Murbad,4595,AMBELE(KH),194456,19.28755,73.52938,GP,2,30.4
Maharashtra,27,Thane,517,Murbad,4595,AMBEGAON,194455,19.18281,73.4621,Ambegaon G.P,2,44.96
Maharashtra,27,Thane,517,Murbad,4595,AGASHI,194454,19.14631,73.47336,Agashi GP,2,18.56
Maharashtra,27,Thane,517,Murbad,4595,AMBELE(BK),194453,19.28108,73.45276,AmbaleGP,2,37.04
Maharashtra,27,Thane,517,Mokhada,4594,WASHALA,194452,19.87588,73.35179,Washala-GP,2,35.2
Maharashtra,27,Thane,517,Mokhada,4594,UDHALE,194451,19.75755,73.42752,Udhale-GP,2,44.72
Maharashtra,27,Thane,517,Mokhada,4594,SURYAMAL,194450,19.75735,73.34641,Suryamal-GP,2,42.48
Maharashtra,27,Thane,517,Mokhada,4594,SHIVALI,194449,19.85671,73.34639,Shivali-GP,2,42.4
Maharashtra,27,Thane,517,Mokhada,4594,SAYADE,194448,19.79506,73.42386,Sayade-GP,2,30.56
Maharashtra,27,Thane,517,Mokhada,4594,SATURALI,194447,19.88358,73.36707,Saturali-GP,2,52.24
Maharashtra,27,Thane,517,Mokhada,4594,SAKHARI,194446,19.9015,73.34615,Sakhari-GP,2,48.4
Maharashtra,27,Thane,517,Mokhada,4594,POSHERA,194445,19.93413,73.38145,Posher-GP,2,20.24
Maharashtra,27,Thane,517,Mokhada,4594,BOTOSHI,194444,19.80148,73.345,Botoshi-GP at Pathardi Village,2,27.04
Maharashtra,27,Thane,517,Mokhada,4594,NASHERA,194443,19.81237,73.42107,Nashera-GP,2,39.76
Maharashtra,27,Thane,517,Mokhada,4594,MOKHADA,194442,19.93004,73.33821,Mokhada-GP,2,35.76
Maharashtra,27,Thane,517,Mokhada,4594,KURLOD,194441,19.81372,73.30532,Kurlod-GP,2,15.12
Maharashtra,27,Thane,517,Mokhada,4594,DHAMANSHET,194440,19.84605,73.37593,Dhamansh-GP,2,9.76
Maharashtra,27,Thane,517,Mokhada,4594,KINISTE,194439,19.73568,73.41634,Kiniste-GP,2,17.44
Maharashtra,27,Thane,517,Mokhada,4594,KHODALA,194438,19.78957,73.39766,Khodala-GP,2,48.08
Maharashtra,27,Thane,517,Mokhada,4594,KHOCH,194437,19.89647,73.39469,Khoch-GP,2,17.44
Maharashtra,27,Thane,517,Mokhada,4594,KASHTI,194436,19.72527,73.38506,Kashti-GP,2,19.12
Maharashtra,27,Thane,517,Mokhada,4594,KAROL,194435,19.73804,73.47886,Karol-GP,2,24.16
Maharashtra,27,Thane,517,Mokhada,4594,KAREGAON,194434,19.73461,73.45708,Karegaon-GP,2,30.16
Maharashtra,27,Thane,517,Mokhada,4594,HIRVE,194433,19.98256,73.38609,Hirve-GP Pimpalpada,2,35.84
Maharashtra,27,Thane,517,Mokhada,4594,GOMAGHAR,194431,19.77005,73.38621,Gomaghar-GP,2,20.56
Maharashtra,27,Thane,517,Mokhada,4594,DOLHARA,194430,19.83148,73.40053,Dolhara-GP,2,32.72
Maharashtra,27,Thane,517,Mokhada,4594,DANDAVAL,194429,19.96892,73.42712,Dandaval-GP,2,43.52
Maharashtra,27,Thane,517,Mokhada,4594,CHAS,194428,19.96651,73.32963,Chas-GP,2,45.76
Maharashtra,27,Thane,517,Mokhada,4594,BERISTE,194427,19.97777,73.36844,Beriste-GP,2,13.68
Maharashtra,27,Thane,517,Mokhada,4594,ASE,194426,20.01076,73.33374,Ase-GP,2,17.84
Maharashtra,27,Thane,517,Mokhada,4594,ADOSHI,194425,19.8099,73.36784,Adoshi-GP,2,29.92
Maharashtra,27,Thane,517,Jawhar,4592,ZAP,194368,19.83627,73.28156,ZAP GP,2,34.8
Maharashtra,27,Thane,517,Jawhar,4592,VALWANDA,194367,19.84653,73.19336,VALWANDA GP,2,24.24
Maharashtra,27,Thane,517,Jawhar,4592,VINVAL,194366,19.99875,73.25671,VINVAL GP,2,48.64
Maharashtra,27,Thane,517,Jawhar,4592,VAVAR,194365,20.08488,73.25167,VAVAR GP at ZP School,2,14.24
Maharashtra,27,Thane,517,Jawhar,4592,VADOLI,194364,19.99481,73.19354,VADOLI GP,2,13.92
Maharashtra,27,Thane,517,Jawhar,4592,TILONDA,194363,19.96874,73.0798,TILONDA GP,2,18.72
Maharashtra,27,Thane,517,Jawhar,4592,SHIROSHI,194361,19.85827,73.16203,SHIROSHI GP,2,16.08
Maharashtra,27,Thane,517,Jawhar,4592,SARSUN,194360,20.01211,73.23119,SARSUN GP,2,32.96
Maharashtra,27,Thane,517,Jawhar,4592,SAKUR,194359,19.86513,73.23154,SAKUR GP,2,17.36
Maharashtra,27,Thane,517,Jawhar,4592,SAHKARSET,194358,20.02776,73.16965,SAHKARSET GP,2,26.4
Maharashtra,27,Thane,517,Jawhar,4592,RUIGHAR,194357,20.11301,73.22824,Bopdari,2,39.2
Maharashtra,27,Thane,517,Jawhar,4592,RAYTALE,194356,19.92758,73.27327,Ruicha Matha Pada,2,26.56
Maharashtra,27,Thane,517,Jawhar,4592,PIMPALSET,194355,19.95637,73.11034,PIMPALSET GP,2,39.04
Maharashtra,27,Thane,517,Jawhar,4592,PATHARDI,194354,19.85335,73.229,PATHARDI GP,2,19.04
Maharashtra,27,Thane,517,Jawhar,4592,OZAR,194353,20.00474,73.11947,OZAR GP,2,15.84
Maharashtra,27,Thane,517,Jawhar,4592,NYAHALE KH.,194352,19.90871,73.29388,NYAHALE KH. GP,2,15.52
Maharashtra,27,Thane,517,Jawhar,4592,NYAHALE BK.,194351,19.93414,73.29359,NYAHALE BK. GP,2,9.76
Maharashtra,27,Thane,517,Jawhar,4592,NANDGAON,194350,19.85112,73.32188,NANDGAON GP,2,20.96
Maharashtra,27,Thane,517,Jawhar,4592,KORTAD,194349,20.01517,73.14983,KORTAD GP,2,13.52
Maharashtra,27,Thane,517,Jawhar,4592,KOGADA,194348,19.96654,73.18945,Kogada no.1,2,14.48
Maharashtra,27,Thane,517,Jawhar,4592,KIRMIRA,194347,20.05488,73.12558,KIRMIRA GP,2,23.44
Maharashtra,27,Thane,517,Jawhar,4592,KHADAKHAD,194345,19.94772,73.25328,KHADAKHAD GP,2,20.08
Maharashtra,27,Thane,517,Jawhar,4592,KELGHAR,194344,19.90051,73.31079,KELGHAR GP,2,15.84
Maharashtra,27,Thane,517,Jawhar,4592,KAYARI,194343,20.06916,73.19099,Hatti Pada,2,15.28
Maharashtra,27,Thane,517,Jawhar,4592,KOULAL,194342,19.86527,73.28864,Pawar pada on Zap road,2,40.64
Maharashtra,27,Thane,517,Jawhar,4592,KASATWADI,194341,19.89005,73.19288,KASATWADI GP,2,15.04
Maharashtra,27,Thane,517,Jawhar,4592,JUNI JAWHAR,194340,19.88981,73.20818,JUNI JAWHAR GP,2,16.24
Maharashtra,27,Thane,517,Jawhar,4592,HIRADPADA,194338,19.99674,73.22411,HIRADPADA GP,2,23.12
Maharashtra,27,Thane,517,Jawhar,4592,HATERI,194336,20.0136,73.27241,HATERI GP,2,13.36
Maharashtra,27,Thane,517,Jawhar,4592,GORTHAN,194335,19.95528,73.22559,GORTHAN GP,2,6.72
Maharashtra,27,Thane,517,Jawhar,4592,GHIVANDA,194334,19.98201,73.27856,GHIVANDA GP,2,27.68
Maharashtra,27,Thane,517,Jawhar,4592,DHANOSHI,194333,19.87658,73.22267,DHANOSHI GP,2,25.84
Maharashtra,27,Thane,517,Jawhar,4592,DADHARI,194332,20.04715,73.22942,DADHARI GP,2,10
Maharashtra,27,Thane,517,Jawhar,4592,DENGACHIMET,194331,19.89097,73.14931,DENGACHIMET GP,2,26.96
Maharashtra,27,Thane,517,Jawhar,4592,DEHARE,194330,19.99985,73.1747,DEHARE GP,2,78.56
Maharashtra,27,Thane,517,Jawhar,4592,DASKOD,194329,19.99489,73.14294,DASKOD GP,2,21.04
Maharashtra,27,Thane,517,Jawhar,4592,DABHOSA PIPURNA,194328,20.00542,73.20118,DABHOSA GP,2,14.8
Maharashtra,27,Thane,517,Jawhar,4592,DABHERI,194327,20.07414,73.21078,DABHERI GP,2,17.28
Maharashtra,27,Thane,517,Jawhar,4592,DABHALON,194326,20.06768,73.12477,DABHALON GP,2,22.16
Maharashtra,27,Thane,517,Jawhar,4592,CHOUK,194325,19.83364,73.20898,CHOUK GP,2,45.44
Maharashtra,27,Thane,517,Jawhar,4592,CHAMBHARSET,194324,19.9422,73.11098,CHAMBHARSET GP,2,12.16
Maharashtra,27,Thane,517,Jawhar,4592,BORALE,194323,19.98001,73.25262,BORALE GP,2,15.2
Maharashtra,27,Thane,517,Jawhar,4592,BHURITEK,194322,19.81366,73.35323,BHURITEK GP,2,16.24
Maharashtra,27,Thane,517,Jawhar,4592,AAYARE,194320,19.93798,73.18815,AAYARE GP,2,27.6
Maharashtra,27,Thane,517,Jawhar,4592,AAPTALE,194319,19.89684,73.2517,AAPTALE GP,2,30
Maharashtra,27,Thane,517,Jawhar,4592,AAKARE,194318,19.93772,73.13775,AAKARE GP,2,7.36
Maharashtra,27,Thane,517,Dahanu,4591,AAINE,194317,19.90931,72.86199,AAINE,2,61.52
Maharashtra,27,Thane,517,Dahanu,4591,VAKI GR.,194316,20.03455,72.7504,VAKI GR,2,14.24
Maharashtra,27,Thane,517,Dahanu,4591,WADHADI,194315,19.92302,72.96786,WADHADI,2,28.32
Maharashtra,27,Thane,517,Dahanu,4591,VIVALVEDHE GR.,194314,19.94255,72.93693,VIVALVEDHI GR,2,15.2
Maharashtra,27,Thane,517,Dahanu,4591,VETI,194313,19.91002,72.97783,VETI,2,13.76
Maharashtra,27,Thane,517,Dahanu,4591,VASGAON,194312,19.9198,72.70141,VASGAON,2,22.56
Maharashtra,27,Thane,517,Dahanu,4591,VAROR,194311,19.90631,72.67942,VAROR,2,16.8
Maharashtra,27,Thane,517,Dahanu,4591,VANKAS,194310,20.062,72.87386,VANKAS,2,14
Maharashtra,27,Thane,517,Dahanu,4591,VANGAON,194309,19.88027,72.76275,VANGAON,2,17.12
Maharashtra,27,Thane,517,Dahanu,4591,VANAI GR,194308,19.86801,72.79758,VANAI GR,2,34.8
Maharashtra,27,Thane,517,Dahanu,4591,VADVAN,194307,19.92722,72.67419,VADVAN,2,21.76
Maharashtra,27,Thane,517,Dahanu,4591,URSE GR.,194306,19.85214,72.86826,URSE GR,2,25.28
Maharashtra,27,Thane,517,Dahanu,4591,TAWA GR.,194305,19.86698,72.9445,TAWA GR,2,25.2
Maharashtra,27,Thane,517,Dahanu,4591,TANASHI GR.,194304,19.89901,72.71027,TANASHI GR,2,20.96
Maharashtra,27,Thane,517,Dahanu,4591,SOGAVE,194303,19.98177,72.79691,SOGAVE,2,55.68
Maharashtra,27,Thane,517,Dahanu,4591,SHISANE GR.,194302,20.02402,72.94981,SHISANE GR,2,14
Maharashtra,27,Thane,517,Dahanu,4591,SHILONDA GR.,194301,20.08557,73.00925,SHILONDA GR,2,9.44
Maharashtra,27,Thane,517,Dahanu,4591,SHENSARI GR.,194300,19.96702,73.03265,SHENSARI GR,2,29.76
Maharashtra,27,Thane,517,Dahanu,4591,SAVATE,194299,19.95855,72.79499,SAVATE,2,30.56
Maharashtra,27,Thane,517,Dahanu,4591,SASWND TALOTHE GR.,194298,20.06389,72.89614,SASWND TALOTHE GR,2,28.64
Maharashtra,27,Thane,517,Dahanu,4591,SARNI GR.,194296,19.91017,72.91896,SARNI GR,2,13.44
Maharashtra,27,Thane,517,Dahanu,4591,SARAVALI,194295,19.96365,72.7727,SARAVALI,2,19.52
Maharashtra,27,Thane,517,Dahanu,4591,SAIWAN GR.,194293,20.00754,73.03881,SAIWAN GR,2,25.6
Maharashtra,27,Thane,517,Dahanu,4591,RANSHET GR.,194292,19.92705,72.90019,RANSHET GR,2,25.2
Maharashtra,27,Thane,517,Dahanu,4591,RANKOL GR,194291,19.90931,72.86199,AAINE,2,13.12
Maharashtra,27,Thane,517,Dahanu,4591,RAMPUR,194290,20.07668,72.75157,RAMPUR,2,6.4
Maharashtra,27,Thane,517,Dahanu,4591,RAITALI,194289,19.93901,72.83231,RAITALI,2,20
Maharashtra,27,Thane,517,Dahanu,4591,RAIPUR GR.,194288,20.04762,73.00398,RAIPUR GR,2,26.32
Maharashtra,27,Thane,517,Dahanu,4591,RAI,194287,20.00763,72.74654,RAI,2,16.32
Maharashtra,27,Thane,517,Dahanu,4591,OSARVEERA GR.,194286,19.97868,72.93893,OSARVEERA GR,2,22.4
Maharashtra,27,Thane,517,Dahanu,4591,NIMBAPUR GR.,194285,19.98505,73.03043,NIMBAPURGR,2,29.92
Maharashtra,27,Thane,517,Dahanu,4591,NIKANE GR.,194284,19.90653,72.88908,NIKANE GR,2,27.76
Maharashtra,27,Thane,517,Dahanu,4591,NARPAD,194283,20.01321,72.72095,NARPAD,2,16.16
Maharashtra,27,Thane,517,Dahanu,4591,NAGZARI,194282,20.01239,72.88216,NAGZARI,2,28.48
Maharashtra,27,Thane,517,Dahanu,4591,MURBAD GR.,194281,20.07067,72.98815,MURBAD GR,2,18.88
Maharashtra,27,Thane,517,Dahanu,4591,MODGAON,194280,20.07067,72.9748,MODGAON,2,25.92
Maharashtra,27,Thane,517,Dahanu,4591,KINHAVALI,194279,20.04658,73.10323,KINHAVALI,2,37.68
Maharashtra,27,Thane,517,Dahanu,4591,KASA GR.,194278,19.90718,72.95639,KASA GR,2,24.24
Maharashtra,27,Thane,517,Dahanu,4591,KAPSHI,194277,19.89058,72.76897,KAPSHI,2,10.4
Maharashtra,27,Thane,517,Dahanu,4591,KANKRADI,194276,20.00263,72.74911,KANKRADI,2,29.12
Maharashtra,27,Thane,517,Dahanu,4591,KAINAD,194274,20.02441,72.77435,KAINAD,2,28.64
Maharashtra,27,Thane,517,Dahanu,4591,JAMSHET,194273,19.99114,72.82435,JAMSHET,2,21.36
Maharashtra,27,Thane,517,Dahanu,4591,JAMBUGAON,194272,20.0955,72.76295,JAMBUGAON,2,25.04
Maharashtra,27,Thane,517,Dahanu,4591,HALADPADA GR.,194271,20.0511,72.93593,HALADPADA GR,2,20.32
Maharashtra,27,Thane,517,Dahanu,4591,GOVANE,194270,19.89006,72.79967,GOVANE,2,14.16
Maharashtra,27,Thane,517,Dahanu,4591,GHOLWAD,194269,20.08551,72.73149,GHOLWAD,2,23.12
Maharashtra,27,Thane,517,Dahanu,4591,GANJAD GR.,194268,19.94486,72.86562,GANJAD GR,2,19.52
Maharashtra,27,Thane,517,Dahanu,4591,GANGANGAON,194267,19.95354,72.68831,GANGANGAON,2,24.96
Maharashtra,27,Thane,517,Dahanu,4591,DIVSHI,194266,20.08037,73.07688,DIVSHI,2,15.04
Maharashtra,27,Thane,517,Dahanu,4591,DHUNDALWADI,194265,20.04058,72.90955,DHUNDALWADI,2,26.24
Maharashtra,27,Thane,517,Dahanu,4591,DHARAMPUR GR.,194264,19.94327,72.99807,DHARAMPUR GR,2,13.44
Maharashtra,27,Thane,517,Dahanu,4591,DHANIVARI GR.,194263,19.98031,72.92908,DHANIVARI GR,2,18.56
Maharashtra,27,Thane,517,Dahanu,4591,DHAMANGAON,194262,20.07169,72.85519,DHAMANGAON,2,20.96
Maharashtra,27,Thane,517,Dahanu,4591,DEHANE GR,194261,19.9129,72.77491,DEHANE GR,2,13.92
Maharashtra,27,Thane,517,Dahanu,4591,KOLAVALI,194260,19.87236,72.71535,KOLAVALI,2,24.48
Maharashtra,27,Thane,517,Dahanu,4591,DAPCHARI,194259,20.06064,72.91078,DAPCHARI,2,39.6
Maharashtra,27,Thane,517,Dahanu,4591,DAHYALE GR.,194258,19.96075,72.97317,DAHYALE,2,26.64
Maharashtra,27,Thane,517,Dahanu,4591,DABHON,194257,19.97581,72.84357,DABHON,2,17.36
Maharashtra,27,Thane,517,Dahanu,4591,DABHALE GR,194256,19.87453,72.77887,DABHALE,2,18.64
Maharashtra,27,Thane,517,Dahanu,4591,DABHADI GR.,194255,20.05935,73.08266,DABHADI,2,16.56
Maharashtra,27,Thane,517,Dahanu,4591,CHINCHANI,194254,19.87445,72.68662,CHINCHANI,2,21.92
Maharashtra,27,Thane,517,Dahanu,4591,CHINCHALE,194253,20.01962,72.79325,CHINCHALE,2,7.52
Maharashtra,27,Thane,517,Dahanu,4591,CHIMBAVE,194252,20.05049,72.7434,CHIMBAVE,2,9.36
Maharashtra,27,Thane,517,Dahanu,4591,CHIKHALE,194251,20.05012,72.71536,CHIKHALE,2,28.24
Maharashtra,27,Thane,517,Dahanu,4591,CHAROTI,194250,19.91115,72.73327,CHAROTI,2,13.44
Maharashtra,27,Thane,517,Dahanu,4591,KOTABI GR,194249,19.94893,72.80278,KOTABI GR,2,22.4
Maharashtra,27,Thane,517,Dahanu,4591,CHANDIGAON,194248,19.92955,72.72087,CHANDIGAON,2,29.92
Maharashtra,27,Thane,517,Dahanu,4591,CHALANI GR.,194247,19.99244,73.06661,CHALANI,2,27.76
Maharashtra,27,Thane,517,Dahanu,4591,BORDI,194246,20.1121,72.73939,BORDI,2,16.16
Maharashtra,27,Thane,517,Dahanu,4591,BAVADE,194245,19.88064,72.72211,BAVADE,2,28.48
Maharashtra,27,Thane,517,Dahanu,4591,BAPUGAON GR.,194244,19.96134,73.01114,BAPUGAON,2,18.88
Maharashtra,27,Thane,517,Dahanu,4591,BAHARE,194243,20.04278,72.8839,BAHARE,2,25.92
Maharashtra,27,Thane,517,Dahanu,4591,BADAPOKHARAN,194242,19.94374,72.69649,BADAPOKHRAN,2,37.68
Maharashtra,27,Thane,517,Dahanu,4591,ASWALI,194241,20.08858,72.7907,ASWALI,2,24.24
Maharashtra,27,Thane,517,Dahanu,4591,ASHAGAD,194240,19.96919,72.79498,ASHAGAD,2,10.4
Maharashtra,27,Thane,517,Dahanu,4591,ASWE,194239,19.96464,72.80765,ASWE,2,29.12
Maharashtra,27,Thane,517,Dahanu,4591,ASANGAON (B),194238,19.90549,72.75362,ASANGAON,2,28.64
Maharashtra,27,Thane,517,Dahanu,4591,AMBOLI,194237,20.02679,72.92319,AMBOLI,2,21.36
Maharashtra,27,Thane,517,Dahanu,4591,AMBESARI,194236,20.01312,72.85876,AMBESARI,2,25.04
Maharashtra,27,Thane,517,Dahanu,4591,AGWAN,194235,19.95465,72.76733,AGWAN,2,20.32
Maharashtra,27,Thane,517,Ambernath,4589,VASAR,194115,19.18794,73.15292,Vasar GP,2,14.16
Maharashtra,27,Thane,517,Ambernath,4589,USATNE,194114,19.11802,73.12399,Usatane GP,2,23.12
Maharashtra,27,Thane,517,Ambernath,4589,UMBOROLI,194113,19.17899,73.1093,Umborli GP,2,19.52
Maharashtra,27,Thane,517,Ambernath,4589,SAVARE,194112,19.12471,73.27914,Savare GP,2,24.96
Maharashtra,27,Thane,517,Ambernath,4589,SAI,194111,19.18505,73.23983,Sai GP,2,15.04
Maharashtra,27,Thane,517,Ambernath,4589,SAGAON,194110,19.18583,73.3144,GROUP GP,2,26.24
Maharashtra,27,Thane,517,Ambernath,4589,RAHATOLI,194109,19.17372,73.28122,Rahatoli GP,2,13.44
Maharashtra,27,Thane,517,Ambernath,4589,POSARI,194108,19.1629,73.13579,Posari panchayat,2,18.56
Maharashtra,27,Thane,517,Ambernath,4589,NEVALI,194107,19.17642,73.18454,Nevali Panchayat,2,20.96
Maharashtra,27,Thane,517,Ambernath,4589,NARHEN,194105,19.13166,73.11675,Narhen GP,2,13.92
Maharashtra,27,Thane,517,Ambernath,4589,MULGAON,194104,19.16313,73.29646,Mulgaon gp,2,24.48
Maharashtra,27,Thane,517,Ambernath,4589,MANGARUL,194103,19.17298,73.15231,Mangural Panchyat,2,39.6
Maharashtra,27,Thane,517,Ambernath,4589,MANERE,194102,19.20323,73.15211,Manare GP,2,26.64
Maharashtra,27,Thane,517,Ambernath,4589,KHARAD,194101,19.15491,73.16074,Panchyat,2,17.36
Maharashtra,27,Thane,517,Ambernath,4589,KASGOAN,194100,19.11422,73.26381,Kasgaon gp,2,18.64
Maharashtra,27,Thane,517,Ambernath,4589,KARAV,194099,19.11243,73.31393,Karav panchayat,2,16.56
Maharashtra,27,Thane,517,Ambernath,4589,KANHOR,194098,19.14112,73.28407,Kanhor GP,2,21.92
Maharashtra,27,Thane,517,Ambernath,4589,KAKOLE,194097,19.16598,73.17977,Kakole GP,2,7.52
Maharashtra,27,Thane,517,Ambernath,4589,WADI,194096,19.12227,73.16183,Panchayat,2,9.36
Maharashtra,27,Thane,517,Ambernath,4589,GOREGOAN,194094,19.10682,73.27791,Goregaon Panchayat,2,28.24
Maharashtra,27,Thane,517,Ambernath,4589,DWARLI,194093,19.2232,73.12624,Panchyat,2,13.44
Maharashtra,27,Thane,517,Ambernath,4589,DONE,194092,19.08435,73.31615,Done panchayat,2,24.48
Maharashtra,27,Thane,517,Ambernath,4589,DHOKE,194091,19.15682,73.16323,ZP school,2,39.6
Maharashtra,27,Thane,517,Ambernath,4589,DHAVLE,194090,19.09147,73.28202,Dhivle panchayat,2,26.64
Maharashtra,27,Thane,517,Ambernath,4589,DAHIVALI,194089,19.12944,73.24357,Dahivali panchayat,2,17.36
Maharashtra,27,Thane,517,Ambernath,4589,CHON,194088,19.18477,73.28695,chon GP,2,18.64
Maharashtra,27,Thane,517,Ambernath,4589,CHINCHPADA,194087,19.21204,73.14328,Chinchpada GP,2,16.56
Maharashtra,27,Thane,517,Ambernath,4589,CHARGOAN,194086,19.14005,73.35137,chargaon GP,2,21.92
Maharashtra,27,Thane,517,Ambernath,4589,CHAMTOLI,194085,19.1309,73.25782,chamtoli panchyat,2,7.52
Maharashtra,27,Thane,517,Ambernath,4589,BURDUL,194084,19.11405,73.11531,Burdal GP,2,9.36
Maharashtra,27,Thane,517,Ambernath,4589,BHAL,194083,19.18742,73.13421,Bhal GP,2,28.24
Maharashtra,27,Thane,517,Ambernath,4589,ASNOLI,194082,19.18209,73.32579,Asnoli GP,2,13.44
Maharashtra,27,Thane,517,Ambernath,4589,ASHALE,194081,19.21096,73.15028,Ashale GP,2,21.92
Maharashtra,27,Thane,517,Ambernath,4589,ABESHIV,194080,19.190769,73.26755,Ambeshive GP,2,7.52
Maharashtra,27,Thane,517,Ambernath,4589,ADIVALI,194079,19.20657,73.12376,Adavli GP,2,9.36